TR:primary:CellLine,TR:hepg2:CellLine,TR:prihu:CellLine,TR:hep3b:CellLine,TR:huh7:CellLine,TR:focus:CellLine,TR:NOCYTO,TR:il1a,TR:tgfa,TR:il6,TR:ins,TR:tnfa,TR:NOINHIB,TR:pi3ki,TR:meki,TR:ikki,DA:akt,DA:erk,DA:gsk3,DA:ikb,DA:jnk,DA:p38,DA:p70s6,DA:p90rsk,DA:stat3,DA:cjun,DA:creb,DA:histh3,DA:hsp27,DA:irs1s,DA:mek,DA:p53,DA:stat2,DA:tyk2,DV:akt,DV:erk,DV:gsk3,DV:ikb,DV:jnk,DV:p38,DV:p70s6,DV:p90rsk,DV:stat3,DV:cjun,DV:creb,DV:histh3,DV:hsp27,DV:irs1s,DV:mek,DV:p53,DV:stat2,DV:tyk2
BOOLY_2HepG2_DME_NOINH_c01rA,1,,,,,1,,,,,,1,,,,0,0,0,0,0,0,0,0,0,0,0,0,0,0,0,0,0,0,1092,5215,1532,1025,431,148,9668,1065,465,15912,213,2964,784,2029,17055,689,188,3180
BOOLY_2HepG2_DME_PI3K_c01rB,1,,,,,1,,,,,,,1,,,0,0,0,0,0,0,0,0,0,0,0,0,0,0,0,0,0,0,382,4038,1050,923,259,196,7615,988,480,12115,198,4390,743,1841,15206,414,164,3277
BOOLY_2HepG2_DME_MEK_c01rC,1,,,,,1,,,,,,,,1,,0,0,0,0,0,0,0,0,0,0,0,0,0,0,0,0,0,0,1197,1088,1133,1065,350,123,5996,601,392,12449,134,5358,852,1750,14793,407,135,2964
BOOLY_2HepG2_DME_IKK_c01rD,1,,,,,1,,,,,,,,,1,0,0,0,0,0,0,0,0,0,0,0,0,0,0,0,0,0,0,595,5120,1292,430,423,226,9082,1130,44,10174,163,1079,829,2244,18097,656,217,2449
BOOLY_2HepG2_DME_PI3K+MEK_c01rE,1,,,,,1,,,,,,,1,1,,0,0,0,0,0,0,0,0,0,0,0,0,0,0,0,0,0,0,561,1234,775,1065,463,137,5715,679,404,10862,160,4496,795,1721,16951,560,184,3333
BOOLY_2HepG2_DME_MEK+IKK_c01rF,1,,,,,1,,,,,,,,1,1,0,0,0,0,0,0,0,0,0,0,0,0,0,0,0,0,0,0,782,1113,800,396,333,119,7119,647,29,7539,150,1025,899,1857,22405,527,162,2381
BOOLY_2HepG2_DME_IKK+PI3K_c01rG,1,,,,,1,,,,,,,1,,1,0,0,0,0,0,0,0,0,0,0,0,0,0,0,0,0,0,0,410,3906,1188,437,343,222,6992,1132,39,8959,157,835,745,2582,19528,433,227,2184
BOOLY_2HepG2_DME_PI3K+MEK+IKK_c01rH,1,,,,,1,,,,,,,1,1,1,0,0,0,0,0,0,0,0,0,0,0,0,0,0,0,0,0,0,462,1235,936,444,308,107,5734,636,38,5858,137,791,805,1760,21484,387,166,2236
BOOLY_2HepG2_DME_NOINH_c01rA,1,,,,,1,,,,,,1,,,,30,30,30,30,30,30,30,30,30,30,30,30,30,30,30,30,30,30,1092,5215,1532,1025,431,148,9668,1065,465,15912,213,2964,784,2029,17055,689,188,3180
BOOLY_2HepG2_DME_PI3K_c01rB,1,,,,,1,,,,,,,1,,,30,30,30,30,30,30,30,30,30,30,30,30,30,30,30,30,30,30,382,4038,1050,923,259,196,7615,988,480,12115,198,4390,743,1841,15206,414,164,3277
BOOLY_2HepG2_DME_MEK_c01rC,1,,,,,1,,,,,,,,1,,30,30,30,30,30,30,30,30,30,30,30,30,30,30,30,30,30,30,1197,1088,1133,1065,350,123,5996,601,392,12449,134,5358,852,1750,14793,407,135,2964
BOOLY_2HepG2_DME_IKK_c01rD,1,,,,,1,,,,,,,,,1,30,30,30,30,30,30,30,30,30,30,30,30,30,30,30,30,30,30,595,5120,1292,430,423,226,9082,1130,44,10174,163,1079,829,2244,18097,656,217,2449
BOOLY_2HepG2_DME_PI3K+MEK_c01rE,1,,,,,1,,,,,,,1,1,,30,30,30,30,30,30,30,30,30,30,30,30,30,30,30,30,30,30,561,1234,775,1065,463,137,5715,679,404,10862,160,4496,795,1721,16951,560,184,3333
BOOLY_2HepG2_DME_MEK+IKK_c01rF,1,,,,,1,,,,,,,,1,1,30,30,30,30,30,30,30,30,30,30,30,30,30,30,30,30,30,30,782,1113,800,396,333,119,7119,647,29,7539,150,1025,899,1857,22405,527,162,2381
BOOLY_2HepG2_DME_IKK+PI3K_c01rG,1,,,,,1,,,,,,,1,,1,30,30,30,30,30,30,30,30,30,30,30,30,30,30,30,30,30,30,410,3906,1188,437,343,222,6992,1132,39,8959,157,835,745,2582,19528,433,227,2184
BOOLY_2HepG2_DME_PI3K+MEK+IKK_c01rH,1,,,,,1,,,,,,,1,1,1,30,30,30,30,30,30,30,30,30,30,30,30,30,30,30,30,30,30,462,1235,936,444,308,107,5734,636,38,5858,137,791,805,1760,21484,387,166,2236
BOOLY_2HepG2_IL1a_NOINH_c02rA,1,,,,,,1,,,,,1,,,,30,30,30,30,30,30,30,30,30,30,30,30,30,30,30,30,30,30,1349,8774,3955,7072,5589,1942,21461,1744,298,22126,1700,3226,1404,5065,18909,708,239,3146
BOOLY_2HepG2_IL1a_PI3K_c02rB,1,,,,,,1,,,,,,1,,,30,30,30,30,30,30,30,30,30,30,30,30,30,30,30,30,30,30,814,8784,3414,8275,5303,2737,22244,1582,339,24848,1917,5337,1495,5951,22879,800,280,3758
BOOLY_2HepG2_IL1a_MEK_c02rC,1,,,,,,1,,,,,,,1,,30,30,30,30,30,30,30,30,30,30,30,30,30,30,30,30,30,30,1350,1117,1756,5395,3781,1256,19095,533,254,23124,624,3309,1212,1792,23106,633,246,2035
BOOLY_2HepG2_IL1a_IKK_c02rD,1,,,,,,1,,,,,,,,1,30,30,30,30,30,30,30,30,30,30,30,30,30,30,30,30,30,30,967,7565,2502,2679,3369,1725,19652,1420,49,24405,720,1172,957,4450,22624,853,302,3163
BOOLY_2HepG2_IL1a_PI3K+MEK_c02rE,1,,,,,,1,,,,,,1,1,,30,30,30,30,30,30,30,30,30,30,30,30,30,30,30,30,30,30,624,1267,1608,6084,5645,2338,19813,708,361,21755,1068,5661,1374,4895,22304,719,199,3141
BOOLY_2HepG2_IL1a_MEK+IKK_c02rF,1,,,,,,1,,,,,,,1,1,30,30,30,30,30,30,30,30,30,30,30,30,30,30,30,30,30,30,793,1173,978,3219,2205,866,12993,642,28,15930,286,999,1001,2547,22583,461,178,2133
BOOLY_2HepG2_IL1a_IKK+PI3K_c02rG,1,,,,,,1,,,,,,1,,1,30,30,30,30,30,30,30,30,30,30,30,30,30,30,30,30,30,30,695,7413,2171,3374,2230,1163,15387,1596,42,23495,558,1004,945,3502,23792,487,249,2789
BOOLY_2HepG2_IL1a_PI3K+MEK+IKK_c02rH,1,,,,,,1,,,,,,1,1,1,30,30,30,30,30,30,30,30,30,30,30,30,30,30,30,30,30,30,432,1091,1277,2587,1620,829,11241,649,42,17177,265,921,796,2405,21575,515,157,2721
BOOLY_2HepG2_TGFa_NOINH_c03rA,1,,,,,,,1,,,,1,,,,30,30,30,30,30,30,30,30,30,30,30,30,30,30,30,30,30,30,12302,24116,9392,1122,558,336,23959,3331,296,22057,1305,3070,782,6674,24669,485,347,3587
BOOLY_2HepG2_TGFa_PI3K_c03rB,1,,,,,,,1,,,,,1,,,30,30,30,30,30,30,30,30,30,30,30,30,30,30,30,30,30,30,1539,22623,10848,1289,610,396,23709,2967,373,23810,1146,5368,893,6423,24672,710,352,4771
BOOLY_2HepG2_TGFa_MEK_c03rC,1,,,,,,,1,,,,,,1,,30,30,30,30,30,30,30,30,30,30,30,30,30,30,30,30,30,30,23162,2147,9651,1641,791,318,15286,641,496,21307,295,3250,632,3006,25525,481,388,4147
BOOLY_2HepG2_TGFa_IKK_c03rD,1,,,,,,,1,,,,,,,1,30,30,30,30,30,30,30,30,30,30,30,30,30,30,30,30,30,30,7064,23339,8151,556,597,513,23198,3597,51,15349,1096,1170,736,7411,24812,600,326,3054
BOOLY_2HepG2_TGFa_PI3K+MEK_c03rE,1,,,,,,,1,,,,,1,1,,30,30,30,30,30,30,30,30,30,30,30,30,30,30,30,30,30,30,2445,1263,3168,1387,881,295,8528,671,545,20613,249,4988,972,2525,25273,654,333,3651
BOOLY_2HepG2_TGFa_MEK+IKK_c03rF,1,,,,,,,1,,,,,,1,1,30,30,30,30,30,30,30,30,30,30,30,30,30,30,30,30,30,30,24260,2142,9209,740,659,278,18996,781,56,13900,212,1312,1113,2998,26216,654,428,3741
BOOLY_2HepG2_TGFa_IKK+PI3K_c03rG,1,,,,,,,1,,,,,1,,1,30,30,30,30,30,30,30,30,30,30,30,30,30,30,30,30,30,30,1062,23597,9095,636,548,493,23708,3350,60,17848,999,1393,959,6772,25186,549,393,3243
BOOLY_2HepG2_TGFa_PI3K+MEK+IKK_c03rH,1,,,,,,,1,,,,,1,1,1,30,30,30,30,30,30,30,30,30,30,30,30,30,30,30,30,30,30,4127,1297,2947,492,570,185,7367,909,39,11241,224,944,937,1876,26323,515,375,3036
BOOLY_2HepG2_IL6_NOINH_c04rA,1,,,,,,,,1,,,1,,,,30,30,30,30,30,30,30,30,30,30,30,30,30,30,30,30,30,30,1939,14331,5594,1312,561,469,22825,2246,21644,20613,541,3783,873,4733,23922,570,1307,5550
BOOLY_2HepG2_IL6_PI3K_c04rB,1,,,,,,,,1,,,,1,,,30,30,30,30,30,30,30,30,30,30,30,30,30,30,30,30,30,30,501,11194,4405,1384,558,445,18661,2029,20749,21155,475,5009,821,3703,23319,584,1147,5776
BOOLY_2HepG2_IL6_MEK_c04rC,1,,,,,,,,1,,,,,1,,30,30,30,30,30,30,30,30,30,30,30,30,30,30,30,30,30,30,3476,1352,3625,1436,633,247,8793,655,20212,13741,235,5142,755,2189,23862,684,1123,5045
BOOLY_2HepG2_IL6_IKK_c04rD,1,,,,,,,,1,,,,,,1,30,30,30,30,30,30,30,30,30,30,30,30,30,30,30,30,30,30,935,5962,2707,603,518,303,10857,1358,52,15123,254,1031,995,2785,18912,786,247,2869
BOOLY_2HepG2_IL6_PI3K+MEK_c04rE,1,,,,,,,,1,,,,1,1,,30,30,30,30,30,30,30,30,30,30,30,30,30,30,30,30,30,30,701,1376,1179,1409,555,246,6496,874,19120,14176,247,5899,916,1997,23610,572,991,5071
BOOLY_2HepG2_IL6_MEK+IKK_c04rF,1,,,,,,,,1,,,,,1,1,30,30,30,30,30,30,30,30,30,30,30,30,30,30,30,30,30,30,702,1191,1258,590,449,162,7146,642,47,8387,144,978,939,2173,23272,528,249,2667
BOOLY_2HepG2_IL6_IKK+PI3K_c04rG,1,,,,,,,,1,,,,1,,1,30,30,30,30,30,30,30,30,30,30,30,30,30,30,30,30,30,30,695,5463,1976,514,380,262,6973,1325,54,13188,213,916,715,2107,20749,517,219,2390
BOOLY_2HepG2_IL6_PI3K+MEK+IKK_c04rH,1,,,,,,,,1,,,,1,1,1,30,30,30,30,30,30,30,30,30,30,30,30,30,30,30,30,30,30,697,1215,1263,539,423,133,6192,791,41,8413,179,951,961,1909,23507,509,212,2748
BOOLY_2HepG2_INS_NOINH_c05rA,1,,,,,,,,,1,,1,,,,30,30,30,30,30,30,30,30,30,30,30,30,30,30,30,30,30,30,24711,10446,12925,1269,412,162,23638,1859,533,19967,358,4131,819,4460,23618,635,353,3957
BOOLY_2HepG2_INS_PI3K_c05rB,1,,,,,,,,,1,,,1,,,30,30,30,30,30,30,30,30,30,30,30,30,30,30,30,30,30,30,12169,8347,8493,1155,404,159,17208,1547,611,15527,330,5876,981,3041,22380,544,290,3801
BOOLY_2HepG2_INS_MEK_c05rB,1,,,,,,,,,1,,,,1,,30,30,30,30,30,30,30,30,30,30,30,30,30,30,30,30,30,30,24076,1269,12348,1299,456,100,17570,677,607,12099,254,4512,897,2418,23997,667,298,3252
BOOLY_2HepG2_INS_IKK_c05rD,1,,,,,,,,,1,,,,,1,30,30,30,30,30,30,30,30,30,30,30,30,30,30,30,30,30,30,17149,6065,6286,489,328,182,15226,1437,45,10699,204,917,902,3061,18223,573,225,2858
BOOLY_2HepG2_INS_PI3K+MEK_c05rE,1,,,,,,,,,1,,,1,1,,30,30,30,30,30,30,30,30,30,30,30,30,30,30,30,30,30,30,8431,1405,5833,1311,364,90,7676,644,568,11210,233,4787,1079,2206,23544,557,273,3635
BOOLY_2HepG2_INS_MEK+IKK_c05rF,1,,,,,,,,,1,,,,1,1,30,30,30,30,30,30,30,30,30,30,30,30,30,30,30,30,30,30,19748,1120,4335,476,325,97,12603,643,45,6210,178,1087,802,2378,21117,490,210,2622
BOOLY_2HepG2_INS_IKK+PI3K_c05rG,1,,,,,,,,,1,,,1,,1,30,30,30,30,30,30,30,30,30,30,30,30,30,30,30,30,30,30,1953,6313,2610,495,387,199,13572,1642,43,11942,225,1020,853,2859,23344,544,256,2526
BOOLY_2HepG2_INS_PI3K+MEK+IKK_c05rH,1,,,,,,,,,1,,,1,1,1,30,30,30,30,30,30,30,30,30,30,30,30,30,30,30,30,30,30,3521,1155,2017,455,314,98,5580,642,47,6220,153,913,980,1921,23596,369,197,2251
BOOLY_2HepG2_TNFa_NOINH_c06rA,1,,,,,,,,,,1,1,,,,30,30,30,30,30,30,30,30,30,30,30,30,30,30,30,30,30,30,1279,7647,2902,5997,1845,686,18772,1349,373,24221,799,2889,728,3371,21267,548,245,3490
BOOLY_2HepG2_TNFa_PI3K_c06rB,1,,,,,,,,,,1,,1,,,30,30,30,30,30,30,30,30,30,30,30,30,30,30,30,30,30,30,781,6183,2353,5769,2654,939,19335,1658,443,24882,994,5843,1162,3923,23050,729,293,3415
BOOLY_2HepG2_TNFa_MEK_c06rB,1,,,,,,,,,,1,,,1,,30,30,30,30,30,30,30,30,30,30,30,30,30,30,30,30,30,30,2313,1461,3454,6523,2866,560,18127,844,476,23796,597,4302,1011,3272,23457,825,305,3827
BOOLY_2HepG2_TNFa_IKK_c06rD,1,,,,,,,,,,1,,,,1,30,30,30,30,30,30,30,30,30,30,30,30,30,30,30,30,30,30,719,6423,2195,1791,1849,675,16099,1518,43,23424,469,1141,916,3410,21732,676,243,2906
BOOLY_2HepG2_TNFa_PI3K+MEK_c06rE,1,,,,,,,,,,1,,1,1,,30,30,30,30,30,30,30,30,30,30,30,30,30,30,30,30,30,30,450,1311,1068,3842,1742,649,12043,683,352,18653,518,5786,903,2722,18875,442,196,2686
BOOLY_2HepG2_TNFa_MEK+IKK_c06rF,1,,,,,,,,,,1,,,1,1,30,30,30,30,30,30,30,30,30,30,30,30,30,30,30,30,30,30,811,1200,1843,2148,1518,428,11287,709,36,17971,225,1077,903,2665,23073,532,205,2924
BOOLY_2HepG2_TNFa_IKK+PI3K_c06rG,1,,,,,,,,,,1,,1,,1,30,30,30,30,30,30,30,30,30,30,30,30,30,30,30,30,30,30,591,6534,1828,2117,1409,717,14152,1495,30,22964,352,1078,929,3085,21327,580,239,2676
BOOLY_2HepG2_TNFa_PI3K+MEK+IKK_c06rH,1,,,,,,,,,,1,,1,1,1,30,30,30,30,30,30,30,30,30,30,30,30,30,30,30,30,30,30,748,1230,1338,2150,1139,428,9039,709,41,16589,220,988,996,2378,23200,618,218,2651
BOOLY_2HepG2_IL1+INS_NOINH_c08rA,1,,,,,,1,,,1,,1,,,,30,30,30,30,30,30,30,30,30,30,30,30,30,30,30,30,30,30,24009,13985,8744,13094,8811,2690,24731,2423,239,24120,2218,3197,1989,8093,24260,934,376,3815
BOOLY_2HepG2_IL1+INS_PI3K_c08rB,1,,,,,,1,,,1,,,1,,,30,30,30,30,30,30,30,30,30,30,30,30,30,30,30,30,30,30,10971,12778,8491,9551,7651,2477,24120,2526,257,24763,2166,4674,2085,7823,24033,799,325,3542
BOOLY_2HepG2_IL1+INS_MEK_c08rB,1,,,,,,1,,,1,,,,1,,30,30,30,30,30,30,30,30,30,30,30,30,30,30,30,30,30,30,24363,1659,9467,10784,7700,1838,24524,896,313,24177,948,4240,1682,6068,24430,932,347,3596
BOOLY_2HepG2_IL1+INS_IKK_c08rD,1,,,,,,1,,,1,,,,,1,30,30,30,30,30,30,30,30,30,30,30,30,30,30,30,30,30,30,20438,9199,9999,3843,4239,1180,23662,1822,49,24507,671,1204,1106,5265,24082,619,296,3293
BOOLY_2HepG2_IL1+INS_PI3K+MEK_c08rE,1,,,,,,1,,,1,,,1,1,,30,30,30,30,30,30,30,30,30,30,30,30,30,30,30,30,30,30,8850,1304,4942,9163,7057,1776,23037,783,327,23639,794,5769,1580,5562,24307,755,259,3695
BOOLY_2HepG2_IL1+INS_MEK+IKK_c08rF,1,,,,,,1,,,1,,,,1,1,30,30,30,30,30,30,30,30,30,30,30,30,30,30,30,30,30,30,21219,1419,7723,3833,3128,591,20517,705,43,19014,258,1087,1162,3938,23725,508,227,2482
BOOLY_2HepG2_IL1+INS_IKK+PI3K_c08rG,1,,,,,,1,,,1,,,1,,1,30,30,30,30,30,30,30,30,30,30,30,30,30,30,30,30,30,30,2912,9984,4686,5118,3176,1375,21852,1972,40,24025,635,1209,1346,4736,24472,493,294,3176
BOOLY_2HepG2_IL1+INS_PI3K+MEK+IKK_c08rH,1,,,,,,1,,,1,,,1,1,1,30,30,30,30,30,30,30,30,30,30,30,30,30,30,30,30,30,30,6931,1208,2807,4898,2205,764,14096,752,37,21488,272,983,1130,3160,24043,500,250,2993
BOOLY_2HepG2_IL6+INS_NOINH_c09rA,1,,,,,,,,1,1,,1,,,,30,30,30,30,30,30,30,30,30,30,30,30,30,30,30,30,30,30,24116,23393,10357,1073,454,464,24685,3364,19737,20549,1344,3320,772,6912,24446,559,1153,5185
BOOLY_2HepG2_IL6+INS_PI3K_c09rB,1,,,,,,,,1,1,,,1,,,30,30,30,30,30,30,30,30,30,30,30,30,30,30,30,30,30,30,13500,21041,10043,1152,426,383,23884,2759,20188,19670,912,5165,1034,5822,24341,639,1185,5625
BOOLY_2HepG2_IL6+INS_MEK_c09rB,1,,,,,,,,1,1,,,,1,,30,30,30,30,30,30,30,30,30,30,30,30,30,30,30,30,30,30,24986,2483,12881,1575,865,301,22479,1122,22635,20326,316,4470,1054,3265,26348,892,1520,7006
BOOLY_2HepG2_IL6+INS_IKK_c09rD,1,,,,,,,,1,1,,,,,1,30,30,30,30,30,30,30,30,30,30,30,30,30,30,30,30,30,30,18197,7019,7839,589,379,183,19639,1399,41,13104,249,911,861,3073,20225,459,219,2776
BOOLY_2HepG2_IL6+INS_PI3K+MEK_c09rE,1,,,,,,,,1,1,,,1,1,,30,30,30,30,30,30,30,30,30,30,30,30,30,30,30,30,30,30,17307,1654,7895,1358,460,181,9628,769,20564,12458,265,5558,1094,2275,25346,680,1175,6302
BOOLY_2HepG2_IL6+INS_MEK+IKK_c09rF,1,,,,,,,,1,1,,,,1,1,30,30,30,30,30,30,30,30,30,30,30,30,30,30,30,30,30,30,22751,1444,8015,626,412,116,14697,712,55,8699,192,1176,1044,2780,23509,786,260,3287
BOOLY_2HepG2_IL6+INS_IKK+PI3K_c09rG,1,,,,,,,,1,1,,,1,,1,30,30,30,30,30,30,30,30,30,30,30,30,30,30,30,30,30,30,3273,7288,3368,559,364,224,12644,1693,56,11717,259,1055,843,2568,23067,472,246,2778
BOOLY_2HepG2_IL6+INS_PI3K+MEK+IKK_c09rH,1,,,,,,,,1,1,,,1,1,1,30,30,30,30,30,30,30,30,30,30,30,30,30,30,30,30,30,30,4820,1280,3331,452,316,94,6086,725,45,5802,153,895,927,2012,23412,469,159,2700
BOOLY_2HepG2_TGFa+INS_NOINH_c10rA,1,,,,,,,1,,1,,1,,,,30,30,30,30,30,30,30,30,30,30,30,30,30,30,30,30,30,30,23934,23858,9667,1064,370,254,24644,3273,191,17140,1512,2468,720,6448,24717,494,317,3083
BOOLY_2HepG2_TGFa+INS_PI3K_c10rB,1,,,,,,,1,,1,,,1,,,30,30,30,30,30,30,30,30,30,30,30,30,30,30,30,30,30,30,15512,24085,13358,1173,544,227,24286,4086,320,23569,1529,4071,910,8223,24564,625,446,4296
BOOLY_2HepG2_TGFa+INS_MEK_c10rB,1,,,,,,,1,,1,,,,1,,30,30,30,30,30,30,30,30,30,30,30,30,30,30,30,30,30,30,24797,3415,16749,1800,1586,347,23837,995,517,23093,315,4107,983,3594,26488,744,659,5042
BOOLY_2HepG2_TGFa+INS_IKK_c10rD,1,,,,,,,1,,1,,,,,1,30,30,30,30,30,30,30,30,30,30,30,30,30,30,30,30,30,30,20801,23911,13353,693,481,328,24368,4126,60,18466,1239,1207,888,7736,25148,584,401,3355
BOOLY_2HepG2_TGFa+INS_PI3K+MEK_c10rE,1,,,,,,,1,,1,,,1,1,,30,30,30,30,30,30,30,30,30,30,30,30,30,30,30,30,30,30,20073,1647,7962,1368,710,266,9778,771,559,17495,258,4349,920,2370,26047,511,404,4182
BOOLY_2HepG2_TGFa+INS_MEK+IKK_c10rF,1,,,,,,,1,,1,,,,1,1,30,30,30,30,30,30,30,30,30,30,30,30,30,30,30,30,30,30,25174,1920,9908,646,614,254,19374,923,54,10408,238,758,740,2816,26193,490,458,3587
BOOLY_2HepG2_TGFa+INS_IKK+PI3K_c10rG,1,,,,,,,1,,1,,,1,,1,30,30,30,30,30,30,30,30,30,30,30,30,30,30,30,30,30,30,2488,23502,8593,679,544,314,23461,3414,45,18813,1044,1221,870,6744,24911,472,347,3168
BOOLY_2HepG2_TGFa+INS_PI3K+MEK+IKK_c10rH,1,,,,,,,1,,1,,,1,1,1,30,30,30,30,30,30,30,30,30,30,30,30,30,30,30,30,30,30,18620,1443,6129,637,464,194,8589,756,40,10566,174,999,934,2189,25779,458,367,3017
BOOLY_2HepG2_TGFa+TNF_NOINH_c11rA,1,,,,,,,1,,,1,1,,,,30,30,30,30,30,30,30,30,30,30,30,30,30,30,30,30,30,30,12687,23666,7954,7049,2794,1299,23865,3183,189,24163,2232,2862,910,8424,23701,652,341,3423
BOOLY_2HepG2_TGFa+TNF_PI3K_c11rB,1,,,,,,,1,,,1,,1,,,30,30,30,30,30,30,30,30,30,30,30,30,30,30,30,30,30,30,1576,23431,9358,9523,3667,1594,24437,3921,255,24709,2509,4236,1161,9468,25073,854,405,4161
BOOLY_2HepG2_TGFa+TNF_MEK_c11rB,1,,,,,,,1,,,1,,,1,,30,30,30,30,30,30,30,30,30,30,30,30,30,30,30,30,30,30,24164,2291,11991,7984,3858,1209,23738,881,387,24050,749,3703,858,4747,26209,742,501,4195
BOOLY_2HepG2_TGFa+TNF_IKK_c11rD,1,,,,,,,1,,,1,,,,1,30,30,30,30,30,30,30,30,30,30,30,30,30,30,30,30,30,30,9756,23666,7294,1626,1492,957,23141,3061,45,23458,1768,1041,724,6569,24414,401,359,2666
BOOLY_2HepG2_TGFa+TNF_PI3K+MEK_c11rE,1,,,,,,,1,,,1,,1,1,,30,30,30,30,30,30,30,30,30,30,30,30,30,30,30,30,30,30,4041,1516,3488,5366,2855,861,17382,828,403,23550,640,4561,952,3387,25810,606,338,3520
BOOLY_2HepG2_TGFa+TNF_MEK+IKK_c11rF,1,,,,,,,1,,,1,,,1,1,30,30,30,30,30,30,30,30,30,30,30,30,30,30,30,30,30,30,24615,1768,11298,1977,2144,584,21655,814,55,21435,332,961,890,3639,26088,674,471,3405
BOOLY_2HepG2_TGFa+TNF_IKK+PI3K_c11rG,1,,,,,,,1,,,1,,1,,1,30,30,30,30,30,30,30,30,30,30,30,30,30,30,30,30,30,30,1067,23919,7871,1862,1787,792,24000,3811,45,23807,1587,1364,923,6600,25150,474,348,2877
BOOLY_2HepG2_TGFa+TNF_PI3K+MEK+IKK_c11rH,1,,,,,,,1,,,1,,1,1,1,30,30,30,30,30,30,30,30,30,30,30,30,30,30,30,30,30,30,10313,1231,4589,2345,2182,720,14436,721,51,23069,257,781,994,2828,26209,536,431,3224
BOOLY_2HepG2_DME_NOINH_c12rA,1,,,,,1,,,,,,1,,,,0,0,0,0,0,0,0,0,0,0,0,0,0,0,0,0,0,0,1487,5365,2896,1243,423,186,11727,1362,475,19108,279,3597,731,2015,17956,495,272,3353
BOOLY_2HepG2_DME_PI3K_c12rB,1,,,,,1,,,,,,,1,,,0,0,0,0,0,0,0,0,0,0,0,0,0,0,0,0,0,0,650,4926,1766,1404,564,223,11989,1335,512,20728,210,3849,786,2361,19087,528,243,3430
BOOLY_2HepG2_DME_MEK_c12rB,1,,,,,1,,,,,,,,1,,0,0,0,0,0,0,0,0,0,0,0,0,0,0,0,0,0,0,1430,1281,2045,1307,509,124,7845,705,447,13338,164,3596,878,1653,20514,519,183,3429
BOOLY_2HepG2_DME_IKK_c12rD,1,,,,,1,,,,,,,,,1,0,0,0,0,0,0,0,0,0,0,0,0,0,0,0,0,0,0,684,5153,1608,472,386,219,9826,1298,35,12529,219,791,704,2109,17613,491,206,2508
BOOLY_2HepG2_DME_PI3K+MEK_c12rE,1,,,,,1,,,,,,,1,1,,0,0,0,0,0,0,0,0,0,0,0,0,0,0,0,0,0,0,399,1170,1147,1039,359,108,5604,722,412,11852,203,4246,808,1603,15078,577,171,2972
BOOLY_2HepG2_DME_MEK+IKK_c12rF,1,,,,,1,,,,,,,,1,1,0,0,0,0,0,0,0,0,0,0,0,0,0,0,0,0,0,0,763,1215,1276,517,429,145,6650,764,50,8308,189,726,858,1488,23201,416,188,2301
BOOLY_2HepG2_DME_IKK+PI3K_c12rG,1,,,,,1,,,,,,,1,,1,0,0,0,0,0,0,0,0,0,0,0,0,0,0,0,0,0,0,487,5294,1924,609,582,234,13669,1675,47,17663,204,876,867,2040,23883,453,271,2466
BOOLY_2HepG2_DME_PI3K+MEK+IKK_c12rH,1,,,,,1,,,,,,,1,1,1,0,0,0,0,0,0,0,0,0,0,0,0,0,0,0,0,0,0,474,1124,1060,532,329,140,6090,681,34,9588,153,735,793,1651,23287,323,183,2285
BOOLY_1oHum_DME_NOINH_c01rA,,1,,,,1,,,,,,1,,,,0,0,0,0,0,0,0,0,0,0,0,0,0,0,0,0,0,0,3339,3077,829,385,233,87,3675,424,112,17650,202,660,649,1063,3273,1145,272,3415
BOOLY_1oHum_DME_PI3K_c01rB,,1,,,,1,,,,,,,1,,,0,0,0,0,0,0,0,0,0,0,0,0,0,0,0,0,0,0,1009,2859,696,387,266,71,3344,568,141,17098,173,687,708,1310,3662,1584,297,4747
BOOLY_1oHum_DME_MEK_c01rC,,1,,,,1,,,,,,,,1,,0,0,0,0,0,0,0,0,0,0,0,0,0,0,0,0,0,0,3187,1313,697,348,294,83,2780,523,97,10957,148,755,662,992,21429,1338,277,5113
BOOLY_1oHum_DME_IKK_c01rD,,1,,,,1,,,,,,,,,1,0,0,0,0,0,0,0,0,0,0,0,0,0,0,0,0,0,0,6984,1953,793,234,261,110,2707,511,54,8522,163,755,885,982,2754,1603,289,5091
BOOLY_1oHum_DME_PI3K+MEK_c01rE,,1,,,,1,,,,,,,1,1,,0,0,0,0,0,0,0,0,0,0,0,0,0,0,0,0,0,0,1581,1260,750,386,276,102,2210,482,196,13002,159,605,771,739,23344,1050,337,3554
BOOLY_1oHum_DME_MEK+IKK_c01rF,,1,,,,1,,,,,,,,1,1,0,0,0,0,0,0,0,0,0,0,0,0,0,0,0,0,0,0,6891,1542,1021,347,270,103,2933,597,54,13181,171,721,1052,901,23681,1167,343,4760
BOOLY_1oHum_DME_IKK+PI3K_c01rG,,1,,,,1,,,,,,,1,,1,0,0,0,0,0,0,0,0,0,0,0,0,0,0,0,0,0,0,1216,1954,617,271,227,131,2081,486,50,13190,187,564,1191,827,3064,794,296,3324
BOOLY_1oHum_DME_PI3K+MEK+IKK_c01rH,,1,,,,1,,,,,,,1,1,1,0,0,0,0,0,0,0,0,0,0,0,0,0,0,0,0,0,0,735,764,305,203,104,48,1408,516,40,3908,142,431,541,574,6164,679,148,2287
BOOLY_1oHum_DME_NOINH_c01rA,,1,,,,1,,,,,,1,,,,30,30,30,30,30,30,30,30,30,30,30,30,30,30,30,30,30,30,3339,3077,829,385,233,87,3675,424,112,17650,202,660,649,1063,3273,1145,272,3415
BOOLY_1oHum_DME_PI3K_c01rB,,1,,,,1,,,,,,,1,,,30,30,30,30,30,30,30,30,30,30,30,30,30,30,30,30,30,30,1009,2859,696,387,266,71,3344,568,141,17098,173,687,708,1310,3662,1584,297,4747
BOOLY_1oHum_DME_MEK_c01rC,,1,,,,1,,,,,,,,1,,30,30,30,30,30,30,30,30,30,30,30,30,30,30,30,30,30,30,3187,1313,697,348,294,83,2780,523,97,10957,148,755,662,992,21429,1338,277,5113
BOOLY_1oHum_DME_IKK_c01rD,,1,,,,1,,,,,,,,,1,30,30,30,30,30,30,30,30,30,30,30,30,30,30,30,30,30,30,6984,1953,793,234,261,110,2707,511,54,8522,163,755,885,982,2754,1603,289,5091
BOOLY_1oHum_DME_PI3K+MEK_c01rE,,1,,,,1,,,,,,,1,1,,30,30,30,30,30,30,30,30,30,30,30,30,30,30,30,30,30,30,1581,1260,750,386,276,102,2210,482,196,13002,159,605,771,739,23344,1050,337,3554
BOOLY_1oHum_DME_MEK+IKK_c01rF,,1,,,,1,,,,,,,,1,1,30,30,30,30,30,30,30,30,30,30,30,30,30,30,30,30,30,30,6891,1542,1021,347,270,103,2933,597,54,13181,171,721,1052,901,23681,1167,343,4760
BOOLY_1oHum_DME_IKK+PI3K_c01rG,,1,,,,1,,,,,,,1,,1,30,30,30,30,30,30,30,30,30,30,30,30,30,30,30,30,30,30,1216,1954,617,271,227,131,2081,486,50,13190,187,564,1191,827,3064,794,296,3324
BOOLY_1oHum_DME_PI3K+MEK+IKK_c01rH,,1,,,,1,,,,,,,1,1,1,30,30,30,30,30,30,30,30,30,30,30,30,30,30,30,30,30,30,735,764,305,203,104,48,1408,516,40,3908,142,431,541,574,6164,679,148,2287
BOOLY_1oHum_IL1a_NOINH_c02rA,,1,,,,,1,,,,,1,,,,30,30,30,30,30,30,30,30,30,30,30,30,30,30,30,30,30,30,7678,3581,1032,1020,991,537,5807,646,121,19431,443,833,23481,2166,3850,1816,305,5450
BOOLY_1oHum_IL1a_PI3K_c02rB,,1,,,,,1,,,,,,1,,,30,30,30,30,30,30,30,30,30,30,30,30,30,30,30,30,30,30,1889,3600,831,1170,1074,586,5345,774,123,20387,432,899,20751,1818,4643,2095,394,5786
BOOLY_1oHum_IL1a_MEK_c02rC,,1,,,,,1,,,,,,,1,,30,30,30,30,30,30,30,30,30,30,30,30,30,30,30,30,30,30,4990,1512,906,1210,968,509,5850,622,120,21285,382,980,22542,1698,22651,2178,388,5500
BOOLY_1oHum_IL1a_IKK_c02rD,,1,,,,,1,,,,,,,,1,30,30,30,30,30,30,30,30,30,30,30,30,30,30,30,30,30,30,6190,2067,828,919,843,484,5599,682,69,14750,407,1160,17493,1666,2699,2643,321,7156
BOOLY_1oHum_IL1a_PI3K+MEK_c02rE,,1,,,,,1,,,,,,1,1,,30,30,30,30,30,30,30,30,30,30,30,30,30,30,30,30,30,30,1732,1215,790,1076,1086,672,5852,621,130,20017,435,875,24008,1641,23189,2215,394,5896
BOOLY_1oHum_IL1a_MEK+IKK_c02rF,,1,,,,,1,,,,,,,1,1,30,30,30,30,30,30,30,30,30,30,30,30,30,30,30,30,30,30,4451,1232,848,783,556,282,4132,501,43,14426,306,748,9933,1481,23463,1882,368,4981
BOOLY_1oHum_IL1a_IKK+PI3K_c02rG,,1,,,,,1,,,,,,1,,1,30,30,30,30,30,30,30,30,30,30,30,30,30,30,30,30,30,30,1000,2314,608,770,578,320,3474,540,54,15122,298,720,11295,1256,2487,1383,317,4085
BOOLY_1oHum_IL1a_PI3K+MEK+IKK_c02rH,,1,,,,,1,,,,,,1,1,1,30,30,30,30,30,30,30,30,30,30,30,30,30,30,30,30,30,30,598,1038,500,566,364,212,2838,482,56,8987,271,650,7089,1147,14983,822,233,3796
BOOLY_1oHum_TGFa_NOINH_c03rA,,1,,,,,,1,,,,1,,,,30,30,30,30,30,30,30,30,30,30,30,30,30,30,30,30,30,30,8149,16895,1081,367,479,203,7827,691,82,14372,519,795,2256,2494,25029,1580,429,4994
BOOLY_1oHum_TGFa_PI3K_c03rB,,1,,,,,,1,,,,,1,,,30,30,30,30,30,30,30,30,30,30,30,30,30,30,30,30,30,30,1961,23433,1214,636,686,250,8561,857,163,24048,680,910,2392,2385,25784,1759,504,6350
BOOLY_1oHum_TGFa_MEK_c03rC,,1,,,,,,1,,,,,,1,,30,30,30,30,30,30,30,30,30,30,30,30,30,30,30,30,30,30,9869,12752,1147,443,555,238,7738,735,135,13638,508,976,2939,1753,24974,1846,426,5790
BOOLY_1oHum_TGFa_IKK_c03rD,,1,,,,,,1,,,,,,,1,30,30,30,30,30,30,30,30,30,30,30,30,30,30,30,30,30,30,8512,19491,1037,335,510,232,6853,660,55,15210,605,747,4875,1679,25403,1570,370,4547
BOOLY_1oHum_TGFa_PI3K+MEK_c03rE,,1,,,,,,1,,,,,1,1,,30,30,30,30,30,30,30,30,30,30,30,30,30,30,30,30,30,30,1801,15298,951,506,699,308,6437,700,201,17230,591,893,4163,1911,25674,1908,491,5858
BOOLY_1oHum_TGFa_MEK+IKK_c03rF,,1,,,,,,1,,,,,,1,1,30,30,30,30,30,30,30,30,30,30,30,30,30,30,30,30,30,30,19317,19871,1882,507,862,371,9364,877,82,18581,871,783,11413,2528,27050,1448,623,5964
BOOLY_1oHum_TGFa_IKK+PI3K_c03rG,,1,,,,,,1,,,,,1,,1,30,30,30,30,30,30,30,30,30,30,30,30,30,30,30,30,30,30,1108,22469,958,352,403,149,5550,848,63,16073,636,835,2106,1990,24860,1672,395,4575
BOOLY_1oHum_TGFa_PI3K+MEK+IKK_c03rH,,1,,,,,,1,,,,,1,1,1,30,30,30,30,30,30,30,30,30,30,30,30,30,30,30,30,30,30,2469,13086,874,260,288,258,4961,570,56,13287,459,702,2147,1604,25592,1056,326,4291
BOOLY_1oHum_IL6_NOINH_c04rA,,1,,,,,,,1,,,1,,,,30,30,30,30,30,30,30,30,30,30,30,30,30,30,30,30,30,30,5266,6194,882,479,420,131,5206,805,15965,22825,237,887,1130,1438,5369,1491,868,5838
BOOLY_1oHum_IL6_PI3K_c04rB,,1,,,,,,,1,,,,1,,,30,30,30,30,30,30,30,30,30,30,30,30,30,30,30,30,30,30,1450,5383,731,383,390,110,4204,435,13539,17327,237,816,689,1495,3831,1783,667,5935
BOOLY_1oHum_IL6_MEK_c04rC,,1,,,,,,,1,,,,,1,,30,30,30,30,30,30,30,30,30,30,30,30,30,30,30,30,30,30,6202,1935,892,408,425,135,4292,646,15039,13138,239,840,908,1419,23138,1761,742,6018
BOOLY_1oHum_IL6_IKK_c04rD,,1,,,,,,,1,,,,,,1,30,30,30,30,30,30,30,30,30,30,30,30,30,30,30,30,30,30,6873,2084,872,228,287,100,3290,514,73,7922,170,846,659,1015,2546,1657,311,5681
BOOLY_1oHum_IL6_PI3K+MEK_c04rE,,1,,,,,,,1,,,,1,1,,30,30,30,30,30,30,30,30,30,30,30,30,30,30,30,30,30,30,1463,2407,822,366,377,155,3682,568,16446,15478,227,880,893,1220,23548,1972,909,5591
BOOLY_1oHum_IL6_MEK+IKK_c04rF,,1,,,,,,,1,,,,,1,1,30,30,30,30,30,30,30,30,30,30,30,30,30,30,30,30,30,30,5250,1554,1102,304,262,131,3106,605,73,8584,175,826,789,1027,23470,1872,410,5390
BOOLY_1oHum_IL6_IKK+PI3K_c04rG,,1,,,,,,,1,,,,1,,1,30,30,30,30,30,30,30,30,30,30,30,30,30,30,30,30,30,30,2668,7057,1817,466,455,111,6163,963,47,23958,462,1179,2606,2328,7227,2079,461,11787
BOOLY_1oHum_IL6_PI3K+MEK+IKK_c04rH,,1,,,,,,,1,,,,1,1,1,30,30,30,30,30,30,30,30,30,30,30,30,30,30,30,30,30,30,1347,1192,645,257,194,82,1635,476,52,10903,205,569,626,880,23358,748,268,3068
BOOLY_1oHum_INS_NOINH_c05rA,,1,,,,,,,,1,,1,,,,30,30,30,30,30,30,30,30,30,30,30,30,30,30,30,30,30,30,6859,6139,1229,616,448,87,7760,886,241,23693,263,1366,1065,2315,4596,2407,425,7669
BOOLY_1oHum_INS_PI3K_c05rB,,1,,,,,,,,1,,,1,,,30,30,30,30,30,30,30,30,30,30,30,30,30,30,30,30,30,30,1583,3252,790,438,341,93,4530,684,191,14815,218,1045,843,1528,3539,2236,350,5673
BOOLY_1oHum_INS_MEK_c05rB,,1,,,,,,,,1,,,,1,,30,30,30,30,30,30,30,30,30,30,30,30,30,30,30,30,30,30,5122,1576,820,365,413,105,4632,781,132,13332,181,975,671,1288,23255,1958,418,5702
BOOLY_1oHum_INS_IKK_c05rD,,1,,,,,,,,1,,,,,1,30,30,30,30,30,30,30,30,30,30,30,30,30,30,30,30,30,30,5010,2088,956,187,254,84,3333,604,46,10230,163,862,756,1054,2238,1974,284,5399
BOOLY_1oHum_INS_PI3K+MEK_c05rE,,1,,,,,,,,1,,,1,1,,30,30,30,30,30,30,30,30,30,30,30,30,30,30,30,30,30,30,1763,1825,854,435,286,110,3163,523,262,16123,245,848,664,1083,23890,1587,371,4942
BOOLY_1oHum_INS_MEK+IKK_c05rF,,1,,,,,,,,1,,,,1,1,30,30,30,30,30,30,30,30,30,30,30,30,30,30,30,30,30,30,5707,1020,1016,251,203,114,2325,459,46,6976,214,616,631,744,19038,938,275,4017
BOOLY_1oHum_INS_IKK+PI3K_c05rG,,1,,,,,,,,1,,,1,,1,30,30,30,30,30,30,30,30,30,30,30,30,30,30,30,30,30,30,1285,2276,720,305,270,90,3032,715,70,15887,196,960,961,1221,2410,1609,358,5001
BOOLY_1oHum_INS_PI3K+MEK+IKK_c05rH,,1,,,,,,,,1,,,1,1,1,30,30,30,30,30,30,30,30,30,30,30,30,30,30,30,30,30,30,1585,1461,927,248,248,87,2323,773,62,11006,254,700,689,1020,23615,1416,297,4317
BOOLY_1oHum_TNFa_NOINH_c06rA,,1,,,,,,,,,1,1,,,,30,30,30,30,30,30,30,30,30,30,30,30,30,30,30,30,30,30,4174,3898,916,727,629,198,6354,678,139,23116,458,792,8230,1723,3752,1673,359,5160
BOOLY_1oHum_TNFa_PI3K_c06rB,,1,,,,,,,,,1,,1,,,30,30,30,30,30,30,30,30,30,30,30,30,30,30,30,30,30,30,1117,2997,578,608,706,335,5962,536,109,16682,428,764,11956,1372,3040,1906,321,4894
BOOLY_1oHum_TNFa_MEK_c06rB,,1,,,,,,,,,1,,,1,,30,30,30,30,30,30,30,30,30,30,30,30,30,30,30,30,30,30,3289,1248,840,580,623,275,6247,560,140,14800,396,931,11929,1564,20041,2012,295,5473
BOOLY_1oHum_TNFa_IKK_c06rD,,1,,,,,,,,,1,,,,1,30,30,30,30,30,30,30,30,30,30,30,30,30,30,30,30,30,30,5297,2373,881,509,937,370,5828,718,67,14829,323,910,11919,1635,2470,1764,323,5888
BOOLY_1oHum_TNFa_PI3K+MEK_c06rE,,1,,,,,,,,,1,,1,1,,30,30,30,30,30,30,30,30,30,30,30,30,30,30,30,30,30,30,1313,1097,750,524,694,363,4766,593,131,15696,398,816,14299,1208,20073,1690,371,5165
BOOLY_1oHum_TNFa_MEK+IKK_c06rF,,1,,,,,,,,,1,,,1,1,30,30,30,30,30,30,30,30,30,30,30,30,30,30,30,30,30,30,4070,944,929,606,757,432,4659,457,58,13311,373,584,16750,1039,17556,663,283,2799
BOOLY_1oHum_TNFa_IKK+PI3K_c06rG,,1,,,,,,,,,1,,1,,1,30,30,30,30,30,30,30,30,30,30,30,30,30,30,30,30,30,30,739,1446,440,607,415,220,2565,483,34,5550,320,308,10683,765,1500,669,214,2748
BOOLY_1oHum_TNFa_PI3K+MEK+IKK_c06rH,,1,,,,,,,,,1,,1,1,1,30,30,30,30,30,30,30,30,30,30,30,30,30,30,30,30,30,30,1261,1125,631,753,542,313,3750,532,52,15950,356,684,10275,1363,15904,1199,286,4089
BOOLY_1oHum_IL1+INS_NOINH_c08rA,,1,,,,,1,,,1,,1,,,,30,30,30,30,30,30,30,30,30,30,30,30,30,30,30,30,30,30,11100,7613,1514,1875,1801,1094,11309,760,140,23711,677,816,25768,2169,7817,1218,299,5851
BOOLY_1oHum_IL1+INS_PI3K_c08rB,,1,,,,,1,,,1,,,1,,,30,30,30,30,30,30,30,30,30,30,30,30,30,30,30,30,30,30,1843,5179,911,1116,1856,691,5435,603,145,22968,628,876,24490,1572,3698,1733,340,5460
BOOLY_1oHum_IL1+INS_MEK_c08rB,,1,,,,,1,,,1,,,,1,,30,30,30,30,30,30,30,30,30,30,30,30,30,30,30,30,30,30,3774,1489,908,780,1106,579,6317,681,144,12425,440,782,23067,1563,19139,1790,276,5553
BOOLY_1oHum_IL1+INS_IKK_c08rD,,1,,,,,1,,,1,,,,,1,30,30,30,30,30,30,30,30,30,30,30,30,30,30,30,30,30,30,6317,2634,910,1147,1466,531,9400,876,81,15282,588,1792,23195,2305,3037,4405,454,9671
BOOLY_1oHum_IL1+INS_PI3K+MEK_c08rE,,1,,,,,1,,,1,,,1,1,,30,30,30,30,30,30,30,30,30,30,30,30,30,30,30,30,30,30,1075,990,590,701,745,538,5066,352,126,11861,324,602,22900,1149,14742,1189,286,4412
BOOLY_1oHum_IL1+INS_MEK+IKK_c08rF,,1,,,,,1,,,1,,,,1,1,30,30,30,30,30,30,30,30,30,30,30,30,30,30,30,30,30,30,5532,1118,722,960,668,484,5343,480,49,12180,343,663,20586,1006,19712,1010,237,4151
BOOLY_1oHum_IL1+INS_IKK+PI3K_c08rG,,1,,,,,1,,,1,,,1,,1,30,30,30,30,30,30,30,30,30,30,30,30,30,30,30,30,30,30,1414,2481,793,1323,1000,599,4967,565,55,16713,516,710,23683,1425,2583,1321,272,4474
BOOLY_1oHum_IL1+INS_PI3K+MEK+IKK_c08rH,,1,,,,,1,,,1,,,1,1,1,30,30,30,30,30,30,30,30,30,30,30,30,30,30,30,30,30,30,979,966,535,1318,699,380,3299,448,64,11850,436,772,21294,1138,13895,1199,266,3795
BOOLY_1oHum_IL6+INS_NOINH_c09rA,,1,,,,,,,1,1,,1,,,,30,30,30,30,30,30,30,30,30,30,30,30,30,30,30,30,30,30,5830,8795,1126,557,290,121,6852,672,20423,18393,268,646,1101,1312,5792,915,1115,4211
BOOLY_1oHum_IL6+INS_PI3K_c09rB,,1,,,,,,,1,1,,,1,,,30,30,30,30,30,30,30,30,30,30,30,30,30,30,30,30,30,30,2152,6532,890,528,354,150,5442,719,19294,18414,280,723,966,1267,5293,1717,1005,5547
BOOLY_1oHum_IL6+INS_MEK_c09rB,,1,,,,,,,1,1,,,,1,,30,30,30,30,30,30,30,30,30,30,30,30,30,30,30,30,30,30,5434,2745,1205,378,336,131,4948,583,19092,12297,293,792,877,1490,23250,1890,947,6056
BOOLY_1oHum_IL6+INS_IKK_c09rD,,1,,,,,,,1,1,,,,,1,30,30,30,30,30,30,30,30,30,30,30,30,30,30,30,30,30,30,6216,2753,942,257,293,98,3715,531,95,12036,247,922,783,1151,2614,1904,356,5537
BOOLY_1oHum_IL6+INS_PI3K+MEK_c09rE,,1,,,,,,,1,1,,,1,1,,30,30,30,30,30,30,30,30,30,30,30,30,30,30,30,30,30,30,2187,3335,838,451,561,173,5775,756,18216,18916,374,1355,1183,1710,24620,2978,1112,7006
BOOLY_1oHum_IL6+INS_MEK+IKK_c09rF,,1,,,,,,,1,1,,,,1,1,30,30,30,30,30,30,30,30,30,30,30,30,30,30,30,30,30,30,5679,1393,914,293,198,105,2679,539,50,8256,222,625,634,822,23773,1382,266,4190
BOOLY_1oHum_IL6+INS_IKK+PI3K_c09rG,,1,,,,,,,1,1,,,1,,1,30,30,30,30,30,30,30,30,30,30,30,30,30,30,30,30,30,30,1537,2358,725,234,247,95,2381,536,58,12437,204,601,798,856,2374,1286,284,4672
BOOLY_1oHum_IL6+INS_PI3K+MEK+IKK_c09rH,,1,,,,,,,1,1,,,1,1,1,30,30,30,30,30,30,30,30,30,30,30,30,30,30,30,30,30,30,2177,1029,858,215,183,76,2168,504,59,7420,243,549,977,800,15246,926,319,3715
BOOLY_1oHum_TGFa+INS_NOINH_c10rA,,1,,,,,,1,,1,,1,,,,30,30,30,30,30,30,30,30,30,30,30,30,30,30,30,30,30,30,16920,24167,3013,784,820,381,18547,939,177,23664,866,760,5267,3285,26979,1244,747,6387
BOOLY_1oHum_TGFa+INS_PI3K_c10rB,,1,,,,,,1,,1,,,1,,,30,30,30,30,30,30,30,30,30,30,30,30,30,30,30,30,30,30,2580,23365,1516,703,546,213,12110,945,192,24279,835,896,2127,2583,24981,2398,543,7398
BOOLY_1oHum_TGFa+INS_MEK_c10rB,,1,,,,,,1,,1,,,,1,,30,30,30,30,30,30,30,30,30,30,30,30,30,30,30,30,30,30,10791,16542,1793,533,836,273,12380,886,188,18921,851,1483,3395,3035,26406,4039,652,8662
BOOLY_1oHum_TGFa+INS_IKK_c10rD,,1,,,,,,1,,1,,,,,1,30,30,30,30,30,30,30,30,30,30,30,30,30,30,30,30,30,30,10233,23293,1776,464,977,356,11744,1260,93,15172,938,2042,4252,4097,26339,5138,803,10875
BOOLY_1oHum_TGFa+INS_PI3K+MEK_c10rE,,1,,,,,,1,,1,,,1,1,,30,30,30,30,30,30,30,30,30,30,30,30,30,30,30,30,30,30,360,4717,539,296,495,53,3890,417,55,12154,102,320,1115,757,20186,315,136,2157
BOOLY_1oHum_TGFa+INS_MEK+IKK_c10rF,,1,,,,,,1,,1,,,,1,1,30,30,30,30,30,30,30,30,30,30,30,30,30,30,30,30,30,30,13906,17329,1594,382,571,378,9112,665,63,13102,799,738,6380,1824,26868,1228,458,4832
BOOLY_1oHum_TGFa+INS_IKK+PI3K_c10rG,,1,,,,,,1,,1,,,1,,1,30,30,30,30,30,30,30,30,30,30,30,30,30,30,30,30,30,30,2759,23879,1131,391,391,254,7146,785,52,18938,855,638,4684,1661,25420,1057,435,4543
BOOLY_1oHum_TGFa+INS_PI3K+MEK+IKK_c10rH,,1,,,,,,1,,1,,,1,1,1,30,30,30,30,30,30,30,30,30,30,30,30,30,30,30,30,30,30,4552,15212,1294,415,460,240,6197,832,68,12766,499,694,3008,1534,25975,1489,440,5375
BOOLY_1oHum_TGFa+TNF_NOINH_c11rA,,1,,,,,,1,,,1,1,,,,30,30,30,30,30,30,30,30,30,30,30,30,30,30,30,30,30,30,8139,19579,1561,933,1017,583,8624,736,106,23090,759,623,22610,2421,23932,770,432,3490
BOOLY_1oHum_TGFa+TNF_PI3K_c11rB,,1,,,,,,1,,,1,,1,,,30,30,30,30,30,30,30,30,30,30,30,30,30,30,30,30,30,30,1439,20829,927,773,1103,552,8425,610,117,23130,809,577,23115,2134,23479,1100,372,4526
BOOLY_1oHum_TGFa+TNF_MEK_c11rB,,1,,,,,,1,,,1,,,1,,30,30,30,30,30,30,30,30,30,30,30,30,30,30,30,30,30,30,9436,13708,1399,775,1056,573,9651,673,130,22067,952,642,20259,2388,26475,1211,457,4865
BOOLY_1oHum_TGFa+TNF_IKK_c11rD,,1,,,,,,1,,,1,,,,1,30,30,30,30,30,30,30,30,30,30,30,30,30,30,30,30,30,30,8255,23645,1513,916,1830,816,10723,836,75,22229,1019,874,24254,2535,26280,1669,532,5278
BOOLY_1oHum_TGFa+TNF_PI3K+MEK_c11rE,,1,,,,,,1,,,1,,1,1,,30,30,30,30,30,30,30,30,30,30,30,30,30,30,30,30,30,30,1556,5615,826,453,923,394,8370,597,113,11965,618,1272,15816,2673,24627,2072,368,7612
BOOLY_1oHum_TGFa+TNF_MEK+IKK_c11rF,,1,,,,,,1,,,1,,,1,1,30,30,30,30,30,30,30,30,30,30,30,30,30,30,30,30,30,30,10899,14127,1148,751,1267,609,7630,558,74,13959,765,518,23049,1803,26483,869,419,4212
BOOLY_1oHum_TGFa+TNF_IKK+PI3K_c11rG,,1,,,,,,1,,,1,,1,,1,30,30,30,30,30,30,30,30,30,30,30,30,30,30,30,30,30,30,1455,18761,872,918,1009,561,6336,659,49,19323,929,630,23759,2061,25268,1114,354,4275
BOOLY_1oHum_TGFa+TNF_PI3K+MEK+IKK_c11rH,,1,,,,,,1,,,1,,1,1,1,30,30,30,30,30,30,30,30,30,30,30,30,30,30,30,30,30,30,3942,18180,1199,1199,1045,717,8487,708,57,23336,825,563,22604,2092,27412,769,494,4261
BOOLY_1oHum_DME_NOINH_c12rA,,1,,,,1,,,,,,1,,,,0,0,0,0,0,0,0,0,0,0,0,0,0,0,0,0,0,0,9754,2399,1028,422,219,94,3080,458,205,15981,184,445,747,911,2276,489,354,3422
BOOLY_1oHum_DME_PI3K_c12rB,,1,,,,1,,,,,,,1,,,0,0,0,0,0,0,0,0,0,0,0,0,0,0,0,0,0,0,1831,2862,829,460,270,89,3051,508,163,17729,246,710,723,964,2394,1338,308,4922
BOOLY_1oHum_DME_MEK_c12rB,,1,,,,1,,,,,,,,1,,0,0,0,0,0,0,0,0,0,0,0,0,0,0,0,0,0,0,5506,1242,907,377,231,82,4055,416,146,12757,149,506,604,929,23229,633,232,2958
BOOLY_1oHum_DME_IKK_c12rD,,1,,,,1,,,,,,,,,1,0,0,0,0,0,0,0,0,0,0,0,0,0,0,0,0,0,0,8147,2063,1598,331,359,150,5575,757,59,14310,230,299,1325,1526,5021,2815,388,7940
BOOLY_1oHum_DME_PI3K+MEK_c12rE,,1,,,,1,,,,,,,1,1,,0,0,0,0,0,0,0,0,0,0,0,0,0,0,0,0,0,0,1464,912,492,318,142,67,2087,408,108,3327,141,398,366,720,10842,701,114,2883
BOOLY_1oHum_DME_MEK+IKK_c12rF,,1,,,,1,,,,,,,,1,1,0,0,0,0,0,0,0,0,0,0,0,0,0,0,0,0,0,0,12080,872,1018,248,155,111,2142,403,40,10946,155,365,781,653,17829,522,254,2960
BOOLY_1oHum_DME_IKK+PI3K_c12rG,,1,,,,1,,,,,,,1,,1,0,0,0,0,0,0,0,0,0,0,0,0,0,0,0,0,0,0,2103,2032,758,216,144,104,2056,464,43,17982,185,434,989,769,2759,703,232,3449
BOOLY_1oHum_DME_PI3K+MEK+IKK_c12rH,,1,,,,1,,,,,,,1,1,1,0,0,0,0,0,0,0,0,0,0,0,0,0,0,0,0,0,0,2732,852,607,276,135,91,1629,402,41,8835,198,355,720,644,15233,465,200,2497
BOOLY_Hep3B_DME_NOINH_c01rA,,,1,,,1,,,,,,1,,,,0,0,0,0,0,0,0,0,0,0,0,0,0,0,0,0,0,0,7265,16306,5351,331,214,88,11446,570,34,3155,135,1301,405,1317,12903,1106,220,3435
BOOLY_Hep3B_DME_PI3K_c01rB,,,1,,,1,,,,,,,1,,,0,0,0,0,0,0,0,0,0,0,0,0,0,0,0,0,0,0,1537,14730,3775,383,266,113,9251,616,40,2798,165,2079,613,1735,9472,1397,265,3604
BOOLY_Hep3B_DME_MEK_c01rC,,,1,,,1,,,,,,,,1,,0,0,0,0,0,0,0,0,0,0,0,0,0,0,0,0,0,0,9206,3062,11265,492,205,135,7990,542,42,9559,185,1527,418,1222,25293,717,267,2522
BOOLY_Hep3B_DME_IKK_c01rD,,,1,,,1,,,,,,,,,1,0,0,0,0,0,0,0,0,0,0,0,0,0,0,0,0,0,0,1940,5244,2644,228,108,48,4852,458,28,732,125,500,350,1102,6297,429,132,1951
BOOLY_Hep3B_DME_PI3K+MEK_c01rE,,,1,,,1,,,,,,,1,1,,0,0,0,0,0,0,0,0,0,0,0,0,0,0,0,0,0,0,1820,3138,3680,327,181,90,4143,490,27,5157,130,2559,306,881,26082,463,250,2229
BOOLY_Hep3B_DME_MEK+IKK_c01rF,,,1,,,1,,,,,,,,1,1,0,0,0,0,0,0,0,0,0,0,0,0,0,0,0,0,0,0,1382,3871,920,270,114,133,2188,384,92,510,80,342,182,488,24156,316,91,1742
BOOLY_Hep3B_DME_IKK+PI3K_c01rG,,,1,,,1,,,,,,,1,,1,0,0,0,0,0,0,0,0,0,0,0,0,0,0,0,0,0,0,476,7536,1800,272,131,66,7367,788,26,1920,206,652,621,2006,9677,653,165,3133
BOOLY_Hep3B_DME_PI3K+MEK+IKK_c01rH,,,1,,,1,,,,,,,1,1,1,0,0,0,0,0,0,0,0,0,0,0,0,0,0,0,0,0,0,613,1605,1124,294,148,102,3335,475,33,2279,145,466,343,1009,25149,391,206,2182
BOOLY_Hep3B_DME_NOINH_c01rA,,,1,,,1,,,,,,1,,,,30,30,30,30,30,30,30,30,30,30,30,30,30,30,30,30,30,30,7265,16306,5351,331,214,88,11446,570,34,3155,135,1301,405,1317,12903,1106,220,3435
BOOLY_Hep3B_DME_PI3K_c01rB,,,1,,,1,,,,,,,1,,,30,30,30,30,30,30,30,30,30,30,30,30,30,30,30,30,30,30,1537,14730,3775,383,266,113,9251,616,40,2798,165,2079,613,1735,9472,1397,265,3604
BOOLY_Hep3B_DME_MEK_c01rC,,,1,,,1,,,,,,,,1,,30,30,30,30,30,30,30,30,30,30,30,30,30,30,30,30,30,30,9206,3062,11265,492,205,135,7990,542,42,9559,185,1527,418,1222,25293,717,267,2522
BOOLY_Hep3B_DME_IKK_c01rD,,,1,,,1,,,,,,,,,1,30,30,30,30,30,30,30,30,30,30,30,30,30,30,30,30,30,30,1940,5244,2644,228,108,48,4852,458,28,732,125,500,350,1102,6297,429,132,1951
BOOLY_Hep3B_DME_PI3K+MEK_c01rE,,,1,,,1,,,,,,,1,1,,30,30,30,30,30,30,30,30,30,30,30,30,30,30,30,30,30,30,1820,3138,3680,327,181,90,4143,490,27,5157,130,2559,306,881,26082,463,250,2229
BOOLY_Hep3B_DME_MEK+IKK_c01rF,,,1,,,1,,,,,,,,1,1,30,30,30,30,30,30,30,30,30,30,30,30,30,30,30,30,30,30,1382,3871,920,270,114,133,2188,384,92,510,80,342,182,488,24156,316,91,1742
BOOLY_Hep3B_DME_IKK+PI3K_c01rG,,,1,,,1,,,,,,,1,,1,30,30,30,30,30,30,30,30,30,30,30,30,30,30,30,30,30,30,476,7536,1800,272,131,66,7367,788,26,1920,206,652,621,2006,9677,653,165,3133
BOOLY_Hep3B_DME_PI3K+MEK+IKK_c01rH,,,1,,,1,,,,,,,1,1,1,30,30,30,30,30,30,30,30,30,30,30,30,30,30,30,30,30,30,613,1605,1124,294,148,102,3335,475,33,2279,145,466,343,1009,25149,391,206,2182
BOOLY_Hep3B_IL1a_NOINH_c02rA,,,1,,,,1,,,,,1,,,,30,30,30,30,30,30,30,30,30,30,30,30,30,30,30,30,30,30,6213,14234,3582,940,1124,2059,15563,609,38,5672,919,1815,3806,1475,8678,1682,233,4801
BOOLY_Hep3B_IL1a_PI3K_c02rB,,,1,,,,1,,,,,,1,,,30,30,30,30,30,30,30,30,30,30,30,30,30,30,30,30,30,30,2120,15165,4928,1530,1680,2384,15447,954,74,22033,1616,3380,3469,4986,10526,2259,461,3633
BOOLY_Hep3B_IL1a_MEK_c02rC,,,1,,,,1,,,,,,,1,,30,30,30,30,30,30,30,30,30,30,30,30,30,30,30,30,30,30,11495,2593,11718,1387,1226,1710,15113,565,40,19978,945,1935,1630,2783,25493,766,244,2912
BOOLY_Hep3B_IL1a_IKK_c02rD,,,1,,,,1,,,,,,,,1,30,30,30,30,30,30,30,30,30,30,30,30,30,30,30,30,30,30,2667,5821,2962,1149,282,331,6757,452,33,4188,200,656,504,1647,6256,796,144,2474
BOOLY_Hep3B_IL1a_PI3K+MEK_c02rE,,,1,,,,1,,,,,,1,1,,30,30,30,30,30,30,30,30,30,30,30,30,30,30,30,30,30,30,1454,2563,3108,1112,906,1362,9171,490,35,14959,914,2476,2285,2278,24943,619,192,2333
BOOLY_Hep3B_IL1a_MEK+IKK_c02rF,,,1,,,,1,,,,,,,1,1,30,30,30,30,30,30,30,30,30,30,30,30,30,30,30,30,30,30,2736,1531,2942,1350,433,535,5847,590,39,5463,262,831,557,1701,24968,1083,267,2522
BOOLY_Hep3B_IL1a_IKK+PI3K_c02rG,,,1,,,,1,,,,,,1,,1,30,30,30,30,30,30,30,30,30,30,30,30,30,30,30,30,30,30,455,5594,1049,1503,280,568,6601,536,40,4905,231,646,468,1719,6675,646,166,2150
BOOLY_Hep3B_IL1a_PI3K+MEK+IKK_c02rH,,,1,,,,1,,,,,,1,1,1,30,30,30,30,30,30,30,30,30,30,30,30,30,30,30,30,30,30,508,1655,1188,887,215,222,2620,505,26,3302,162,563,383,1241,24879,542,171,2159
BOOLY_Hep3B_TGFa_NOINH_c03rA,,,1,,,,,1,,,,1,,,,30,30,30,30,30,30,30,30,30,30,30,30,30,30,30,30,30,30,8699,26072,2018,352,316,340,8354,568,23,459,124,317,236,556,24647,165,157,2495
BOOLY_Hep3B_TGFa_PI3K_c03rB,,,1,,,,,1,,,,,1,,,30,30,30,30,30,30,30,30,30,30,30,30,30,30,30,30,30,30,5064,26204,9716,501,578,519,22575,930,55,16775,1707,2998,494,3137,25773,1371,439,4904
BOOLY_Hep3B_TGFa_MEK_c03rC,,,1,,,,,1,,,,,,1,,30,30,30,30,30,30,30,30,30,30,30,30,30,30,30,30,30,30,15315,12858,15670,535,780,276,14436,715,64,19141,617,1939,693,3011,25644,1341,464,4293
BOOLY_Hep3B_TGFa_IKK_c03rD,,,1,,,,,1,,,,,,,1,30,30,30,30,30,30,30,30,30,30,30,30,30,30,30,30,30,30,13141,26048,11114,368,449,429,21327,994,65,5910,996,1060,617,4736,25109,1396,494,3664
BOOLY_Hep3B_TGFa_PI3K+MEK_c03rE,,,1,,,,,1,,,,,1,1,,30,30,30,30,30,30,30,30,30,30,30,30,30,30,30,30,30,30,5524,11319,7819,434,461,256,9722,666,66,13304,390,2620,586,2425,25555,1093,363,4083
BOOLY_Hep3B_TGFa_MEK+IKK_c03rF,,,1,,,,,1,,,,,,1,1,30,30,30,30,30,30,30,30,30,30,30,30,30,30,30,30,30,30,13232,16255,9897,295,203,246,15101,540,35,3787,379,625,428,2194,26263,611,244,3786
BOOLY_Hep3B_TGFa_IKK+PI3K_c03rG,,,1,,,,,1,,,,,1,,1,30,30,30,30,30,30,30,30,30,30,30,30,30,30,30,30,30,30,1763,25837,4678,312,366,456,17239,887,46,6995,796,948,583,3897,24908,984,382,3651
BOOLY_Hep3B_TGFa_PI3K+MEK+IKK_c03rH,,,1,,,,,1,,,,,1,1,1,30,30,30,30,30,30,30,30,30,30,30,30,30,30,30,30,30,30,4678,15242,8188,308,198,250,10282,497,42,4571,297,604,384,1764,25923,535,256,3619
BOOLY_Hep3B_IL6_NOINH_c04rA,,,1,,,,,,1,,,1,,,,30,30,30,30,30,30,30,30,30,30,30,30,30,30,30,30,30,30,3408,16442,1250,275,138,162,4119,402,5812,230,64,530,165,542,12390,393,235,2268
BOOLY_Hep3B_IL6_PI3K_c04rB,,,1,,,,,,1,,,,1,,,30,30,30,30,30,30,30,30,30,30,30,30,30,30,30,30,30,30,1340,15737,1258,262,158,159,7349,427,5564,524,90,1424,272,677,9941,682,236,2949
BOOLY_Hep3B_IL6_MEK_c04rC,,,1,,,,,,1,,,,,1,,30,30,30,30,30,30,30,30,30,30,30,30,30,30,30,30,30,30,8060,4867,9218,410,522,192,8225,862,6060,7850,251,2503,882,2438,25615,1539,609,4342
BOOLY_Hep3B_IL6_IKK_c04rD,,,1,,,,,,1,,,,,,1,30,30,30,30,30,30,30,30,30,30,30,30,30,30,30,30,30,30,3630,6852,4526,227,279,116,6694,588,60,1585,127,946,666,2092,7525,1020,254,2742
BOOLY_Hep3B_IL6_PI3K+MEK_c04rE,,,1,,,,,,1,,,,1,1,,30,30,30,30,30,30,30,30,30,30,30,30,30,30,30,30,30,30,2311,4431,4383,379,347,238,4441,697,5949,5390,216,3579,718,1745,25138,1360,463,3197
BOOLY_Hep3B_IL6_MEK+IKK_c04rF,,,1,,,,,,1,,,,,1,1,30,30,30,30,30,30,30,30,30,30,30,30,30,30,30,30,30,30,3727,2088,5610,253,278,119,4221,534,47,1812,172,813,594,1888,24916,1158,333,2972
BOOLY_Hep3B_IL6_IKK+PI3K_c04rG,,,1,,,,,,1,,,,1,,1,30,30,30,30,30,30,30,30,30,30,30,30,30,30,30,30,30,30,430,6681,1055,183,162,78,5077,489,37,2041,103,564,457,1489,7478,741,154,2241
BOOLY_Hep3B_IL6_PI3K+MEK+IKK_c04rH,,,1,,,,,,1,,,,1,1,1,30,30,30,30,30,30,30,30,30,30,30,30,30,30,30,30,30,30,808,2040,1411,317,169,106,3669,497,38,1946,168,551,443,1087,25085,523,233,2293
BOOLY_Hep3B_INS_NOINH_c05rA,,,1,,,,,,,1,,1,,,,30,30,30,30,30,30,30,30,30,30,30,30,30,30,30,30,30,30,18111,16126,19409,381,184,77,17807,557,34,9043,216,1331,341,2003,10867,539,203,2948
BOOLY_Hep3B_INS_PI3K_c05rB,,,1,,,,,,,1,,,1,,,30,30,30,30,30,30,30,30,30,30,30,30,30,30,30,30,30,30,10084,13099,10164,379,444,149,11677,857,54,3759,196,3386,843,2436,9604,1805,399,4622
BOOLY_Hep3B_INS_MEK_c05rB,,,1,,,,,,,1,,,,1,,30,30,30,30,30,30,30,30,30,30,30,30,30,30,30,30,30,30,18045,4707,12546,429,729,234,11729,1017,94,11999,243,2609,992,3112,24959,2388,614,4481
BOOLY_Hep3B_INS_IKK_c05rD,,,1,,,,,,,1,,,,,1,30,30,30,30,30,30,30,30,30,30,30,30,30,30,30,30,30,30,11073,6501,8523,248,459,124,10417,644,54,1385,147,1361,721,2750,5888,1799,334,4110
BOOLY_Hep3B_INS_PI3K+MEK_c05rE,,,1,,,,,,,1,,,1,1,,30,30,30,30,30,30,30,30,30,30,30,30,30,30,30,30,30,30,9408,4215,8584,388,377,141,5939,661,61,8768,212,3318,593,1908,25350,1266,339,3215
BOOLY_Hep3B_INS_MEK+IKK_c05rF,,,1,,,,,,,1,,,,1,1,30,30,30,30,30,30,30,30,30,30,30,30,30,30,30,30,30,30,13334,2047,9230,270,261,123,6773,589,40,1223,141,805,552,1615,24402,879,308,2682
BOOLY_Hep3B_INS_IKK+PI3K_c05rG,,,1,,,,,,,1,,,1,,1,30,30,30,30,30,30,30,30,30,30,30,30,30,30,30,30,30,30,2932,6793,6489,233,305,84,5842,557,42,1932,145,1024,699,2134,7881,1345,237,3184
BOOLY_Hep3B_INS_PI3K+MEK+IKK_c05rH,,,1,,,,,,,1,,,1,1,1,30,30,30,30,30,30,30,30,30,30,30,30,30,30,30,30,30,30,5437,2456,3911,312,220,146,4294,571,112,2166,148,629,435,1224,25494,507,265,2466
BOOLY_Hep3B_TNFa_NOINH_c06rA,,,1,,,,,,,,1,1,,,,30,30,30,30,30,30,30,30,30,30,30,30,30,30,30,30,30,30,8692,15176,12349,1066,595,786,16859,639,41,22483,1118,1712,624,2486,11481,810,214,2785
BOOLY_Hep3B_TNFa_PI3K_c06rB,,,1,,,,,,,,1,,1,,,30,30,30,30,30,30,30,30,30,30,30,30,30,30,30,30,30,30,2662,13305,3866,1089,546,775,12679,681,40,14924,1060,2795,711,2060,10169,1568,294,4129
BOOLY_Hep3B_TNFa_MEK_c06rB,,,1,,,,,,,,1,,,1,,30,30,30,30,30,30,30,30,30,30,30,30,30,30,30,30,30,30,9473,3319,10470,1159,1019,744,12194,810,60,20834,711,2166,955,3333,25032,1712,468,4014
BOOLY_Hep3B_TNFa_IKK_c06rD,,,1,,,,,,,,1,,,,1,30,30,30,30,30,30,30,30,30,30,30,30,30,30,30,30,30,30,3401,7835,4882,582,637,439,8446,638,62,7967,243,1186,775,2650,7313,1629,370,4188
BOOLY_Hep3B_TNFa_PI3K+MEK_c06rE,,,1,,,,,,,,1,,1,1,,30,30,30,30,30,30,30,30,30,30,30,30,30,30,30,30,30,30,2052,2729,4682,1004,728,672,9306,540,46,20360,687,2663,655,2226,25459,998,272,3098
BOOLY_Hep3B_TNFa_MEK+IKK_c06rF,,,1,,,,,,,,1,,,1,1,30,30,30,30,30,30,30,30,30,30,30,30,30,30,30,30,30,30,4326,1737,5114,753,470,477,7509,530,46,8552,262,789,593,1750,24847,953,288,2598
BOOLY_Hep3B_TNFa_IKK+PI3K_c06rG,,,1,,,,,,,,1,,1,,1,30,30,30,30,30,30,30,30,30,30,30,30,30,30,30,30,30,30,622,7246,1517,1115,631,508,7745,716,55,10131,280,1116,770,2636,8360,1296,326,3478
BOOLY_Hep3B_TNFa_PI3K+MEK+IKK_c06rH,,,1,,,,,,,,1,,1,1,1,30,30,30,30,30,30,30,30,30,30,30,30,30,30,30,30,30,30,1632,2719,2261,1253,820,619,7871,766,56,10481,337,1219,817,2461,26397,1552,408,4024
BOOLY_Hep3B_IL1+INS_NOINH_c08rA,,,1,,,,1,,,1,,1,,,,30,30,30,30,30,30,30,30,30,30,30,30,30,30,30,30,30,30,18567,16824,13354,1907,2435,1969,21247,827,41,17011,2000,1612,7744,1964,14451,1456,287,3618
BOOLY_Hep3B_IL1+INS_PI3K_c08rB,,,1,,,,1,,,1,,,1,,,30,30,30,30,30,30,30,30,30,30,30,30,30,30,30,30,30,30,6493,13584,4480,1606,1839,1738,13202,616,35,4667,728,1670,9428,1087,10567,996,198,3367
BOOLY_Hep3B_IL1+INS_MEK_c08rB,,,1,,,,1,,,1,,,,1,,30,30,30,30,30,30,30,30,30,30,30,30,30,30,30,30,30,30,18362,3187,12254,1211,2580,2360,17265,897,53,17527,1307,2180,6574,3855,25715,2034,468,3560
BOOLY_Hep3B_IL1+INS_IKK_c08rD,,,1,,,,1,,,1,,,,,1,30,30,30,30,30,30,30,30,30,30,30,30,30,30,30,30,30,30,10514,7173,7036,1102,845,804,12800,860,44,5463,345,1521,991,2548,8888,2508,334,6007
BOOLY_Hep3B_IL1+INS_PI3K+MEK_c08rE,,,1,,,,1,,,1,,,1,1,,30,30,30,30,30,30,30,30,30,30,30,30,30,30,30,30,30,30,8359,3093,8080,1391,1755,1855,12033,658,48,16067,985,3188,4410,3481,25162,1080,266,3223
BOOLY_Hep3B_IL1+INS_MEK+IKK_c08rF,,,1,,,,1,,,1,,,,1,1,30,30,30,30,30,30,30,30,30,30,30,30,30,30,30,30,30,30,11690,1976,9454,1180,993,803,13775,762,62,6534,389,1091,779,2779,24291,1481,352,3722
BOOLY_Hep3B_IL1+INS_IKK+PI3K_c08rG,,,1,,,,1,,,1,,,1,,1,30,30,30,30,30,30,30,30,30,30,30,30,30,30,30,30,30,30,4035,8549,5835,1554,926,959,10533,901,85,10368,354,1426,1172,3421,8731,2218,483,3960
BOOLY_Hep3B_IL1+INS_PI3K+MEK+IKK_c08rH,,,1,,,,1,,,1,,,1,1,1,30,30,30,30,30,30,30,30,30,30,30,30,30,30,30,30,30,30,5800,3279,4438,2420,642,880,8697,556,123,8381,238,612,536,1450,26907,551,249,2681
BOOLY_Hep3B_IL6+INS_NOINH_c09rA,,,1,,,,,,1,1,,1,,,,30,30,30,30,30,30,30,30,30,30,30,30,30,30,30,30,30,30,17049,23350,13058,340,221,166,18004,945,7204,5680,256,954,341,1667,13499,497,450,3212
BOOLY_Hep3B_IL6+INS_PI3K_c09rB,,,1,,,,,,1,1,,,1,,,30,30,30,30,30,30,30,30,30,30,30,30,30,30,30,30,30,30,10336,19326,7473,306,252,198,12751,723,6250,3425,235,1911,498,1491,11879,1298,363,3854
BOOLY_Hep3B_IL6+INS_MEK_c09rB,,,1,,,,,,1,1,,,,1,,30,30,30,30,30,30,30,30,30,30,30,30,30,30,30,30,30,30,19544,6455,14189,437,367,190,12682,612,7112,11579,265,1883,489,1859,26379,1017,484,4104
BOOLY_Hep3B_IL6+INS_IKK_c09rD,,,1,,,,,,1,1,,,,,1,30,30,30,30,30,30,30,30,30,30,30,30,30,30,30,30,30,30,12173,7382,10737,205,151,78,12467,545,32,1072,148,760,495,1515,7278,749,167,3074
BOOLY_Hep3B_IL6+INS_PI3K+MEK_c09rE,,,1,,,,,,1,1,,,1,1,,30,30,30,30,30,30,30,30,30,30,30,30,30,30,30,30,30,30,10501,6358,8955,374,299,173,7259,593,5330,7465,247,2221,485,1729,25891,756,356,2991
BOOLY_Hep3B_IL6+INS_MEK+IKK_c09rF,,,1,,,,,,1,1,,,,1,1,30,30,30,30,30,30,30,30,30,30,30,30,30,30,30,30,30,30,14916,2549,10853,320,395,139,8771,747,70,1992,168,1126,684,2309,24340,1642,435,3656
BOOLY_Hep3B_IL6+INS_IKK+PI3K_c09rG,,,1,,,,,,1,1,,,1,,1,30,30,30,30,30,30,30,30,30,30,30,30,30,30,30,30,30,30,5077,7737,7624,311,551,162,7157,747,61,1776,144,1269,1067,2637,6980,2041,362,4449
BOOLY_Hep3B_IL6+INS_PI3K+MEK+IKK_c09rH,,,1,,,,,,1,1,,,1,1,1,30,30,30,30,30,30,30,30,30,30,30,30,30,30,30,30,30,30,8765,3200,9724,337,576,172,6627,834,69,2579,194,1726,920,2782,25532,2292,505,4730
BOOLY_Hep3B_TGFa+INS_NOINH_c10rA,,,1,,,,,1,,1,,1,,,,30,30,30,30,30,30,30,30,30,30,30,30,30,30,30,30,30,30,18210,26034,9471,440,792,368,19755,779,63,13940,1173,1394,469,2081,26337,1118,361,4589
BOOLY_Hep3B_TGFa+INS_PI3K_c10rB,,,1,,,,,1,,1,,,1,,,30,30,30,30,30,30,30,30,30,30,30,30,30,30,30,30,30,30,8818,25566,7810,398,508,335,20326,839,32,9025,1038,2013,438,1716,25722,1172,336,5046
BOOLY_Hep3B_TGFa+INS_MEK_c10rB,,,1,,,,,1,,1,,,,1,,30,30,30,30,30,30,30,30,30,30,30,30,30,30,30,30,30,30,21154,16011,14955,431,799,364,16043,754,66,20996,537,1808,455,2856,26570,1166,372,4540
BOOLY_Hep3B_TGFa+INS_IKK_c10rD,,,1,,,,,1,,1,,,,,1,30,30,30,30,30,30,30,30,30,30,30,30,30,30,30,30,30,30,16885,26116,12656,455,547,377,21631,1202,67,6309,902,1419,800,5255,26535,1845,569,4519
BOOLY_Hep3B_TGFa+INS_PI3K+MEK_c10rE,,,1,,,,,1,,1,,,1,1,,30,30,30,30,30,30,30,30,30,30,30,30,30,30,30,30,30,30,10643,16525,10900,554,880,433,12400,1024,100,17556,593,4125,1031,3977,26459,2015,547,5697
BOOLY_Hep3B_TGFa+INS_MEK+IKK_c10rF,,,1,,,,,1,,1,,,,1,1,30,30,30,30,30,30,30,30,30,30,30,30,30,30,30,30,30,30,19592,17280,14452,404,626,298,14301,936,60,3596,420,1411,926,3372,26365,1846,612,5434
BOOLY_Hep3B_TGFa+INS_IKK+PI3K_c10rG,,,1,,,,,1,,1,,,1,,1,30,30,30,30,30,30,30,30,30,30,30,30,30,30,30,30,30,30,7548,26593,8896,495,857,452,21262,1387,84,7620,845,1796,1297,6685,26936,2846,803,5655
BOOLY_Hep3B_TGFa+INS_PI3K+MEK+IKK_c10rH,,,1,,,,,1,,1,,,1,1,1,30,30,30,30,30,30,30,30,30,30,30,30,30,30,30,30,30,30,8147,20341,3838,455,330,324,11306,620,94,2230,254,578,433,1272,26763,710,315,3755
BOOLY_Hep3B_TGFa+TNF_NOINH_c11rA,,,1,,,,,1,,,1,1,,,,30,30,30,30,30,30,30,30,30,30,30,30,30,30,30,30,30,30,14528,26793,8417,1360,1442,810,23595,1259,45,22012,2266,1884,1719,3605,25862,1000,385,4288
BOOLY_Hep3B_TGFa+TNF_PI3K_c11rB,,,1,,,,,1,,,1,,1,,,30,30,30,30,30,30,30,30,30,30,30,30,30,30,30,30,30,30,4297,25468,8025,1376,1753,1390,19954,971,54,21258,2266,3032,1796,5345,24521,1766,497,4113
BOOLY_Hep3B_TGFa+TNF_MEK_c11rB,,,1,,,,,1,,,1,,,1,,30,30,30,30,30,30,30,30,30,30,30,30,30,30,30,30,30,30,19431,14436,12389,1229,1725,1180,17724,760,72,23682,1473,1853,1252,4986,26322,1687,533,5724
BOOLY_Hep3B_TGFa+TNF_IKK_c11rD,,,1,,,,,1,,,1,,,,1,30,30,30,30,30,30,30,30,30,30,30,30,30,30,30,30,30,30,16137,25744,11286,1167,1392,1494,23420,1068,70,15108,1907,1362,1350,4835,26078,2319,691,6293
BOOLY_Hep3B_TGFa+TNF_PI3K+MEK_c11rE,,,1,,,,,1,,,1,,1,1,,30,30,30,30,30,30,30,30,30,30,30,30,30,30,30,30,30,30,5477,12546,7437,1031,1689,1335,12101,844,64,21076,1407,4102,1453,4655,25492,2418,645,5440
BOOLY_Hep3B_TGFa+TNF_MEK+IKK_c11rF,,,1,,,,,1,,,1,,,1,1,30,30,30,30,30,30,30,30,30,30,30,30,30,30,30,30,30,30,15170,15511,10221,791,940,851,17498,802,61,7498,911,1306,826,3305,25517,2303,466,5767
BOOLY_Hep3B_TGFa+TNF_IKK+PI3K_c11rG,,,1,,,,,1,,,1,,1,,1,30,30,30,30,30,30,30,30,30,30,30,30,30,30,30,30,30,30,1905,26014,4609,1012,1325,1511,21102,966,66,15339,1661,1569,1312,6102,25373,1972,594,5227
BOOLY_Hep3B_TGFa+TNF_PI3K+MEK+IKK_c11rH,,,1,,,,,1,,,1,,1,1,1,30,30,30,30,30,30,30,30,30,30,30,30,30,30,30,30,30,30,4782,14412,6655,1467,737,698,13417,984,61,12015,685,1275,788,2956,26502,1829,461,5206
BOOLY_Hep3B_DME_NOINH_c12rA,,,1,,,1,,,,,,1,,,,0,0,0,0,0,0,0,0,0,0,0,0,0,0,0,0,0,0,6726,14838,5114,298,190,73,9383,552,35,2151,115,1284,334,1086,9931,759,183,2816
BOOLY_Hep3B_DME_PI3K_c12rB,,,1,,,1,,,,,,,1,,,0,0,0,0,0,0,0,0,0,0,0,0,0,0,0,0,0,0,1192,8221,1195,250,102,55,4261,404,27,311,68,813,151,562,5330,321,89,1832
BOOLY_Hep3B_DME_MEK_c12rB,,,1,,,1,,,,,,,,1,,0,0,0,0,0,0,0,0,0,0,0,0,0,0,0,0,0,0,5435,2646,4950,411,420,183,7018,634,54,6127,182,1849,671,2208,24226,1392,358,3551
BOOLY_Hep3B_DME_IKK_c12rD,,,1,,,1,,,,,,,,,1,0,0,0,0,0,0,0,0,0,0,0,0,0,0,0,0,0,0,1893,5341,2108,241,118,60,4438,416,28,764,92,659,386,1226,7014,344,117,1686
BOOLY_Hep3B_DME_PI3K+MEK_c12rE,,,1,,,1,,,,,,,1,1,,0,0,0,0,0,0,0,0,0,0,0,0,0,0,0,0,0,0,1927,3185,2022,360,178,119,4090,426,31,5199,154,2249,320,808,24942,423,215,2266
BOOLY_Hep3B_DME_MEK+IKK_c12rF,,,1,,,1,,,,,,,,1,1,0,0,0,0,0,0,0,0,0,0,0,0,0,0,0,0,0,0,1998,3265,1077,228,124,109,2717,359,25,821,88,280,183,596,25330,170,143,1367
BOOLY_Hep3B_DME_IKK+PI3K_c12rG,,,1,,,1,,,,,,,1,,1,0,0,0,0,0,0,0,0,0,0,0,0,0,0,0,0,0,0,262,5190,572,200,110,50,4284,388,22,1400,99,522,324,1013,7199,236,102,1618
BOOLY_Hep3B_DME_PI3K+MEK+IKK_c12rH,,,1,,,1,,,,,,,1,1,1,0,0,0,0,0,0,0,0,0,0,0,0,0,0,0,0,0,0,765,2245,598,262,127,90,3040,434,30,1180,88,344,246,603,24738,249,173,1917
BOOLY_4Huh7_DME_NOINH_c01rA,,,,1,,1,,,,,,1,,,,0,0,0,0,0,0,0,0,0,0,0,0,0,0,0,0,0,0,2628,4572,2464,403,282,154,11137,621,170,3372,223,2081,537,1718,20543,624,207,2597
BOOLY_4Huh7_DME_PI3K_c01rB,,,,1,,1,,,,,,,1,,,0,0,0,0,0,0,0,0,0,0,0,0,0,0,0,0,0,0,484,5154,1711,398,239,83,7988,769,81,2404,142,2891,743,1624,22137,548,184,3447
BOOLY_4Huh7_DME_MEK_c01rC,,,,1,,1,,,,,,,,1,,0,0,0,0,0,0,0,0,0,0,0,0,0,0,0,0,0,0,6269,3083,6349,661,406,191,23663,971,109,16729,222,2584,952,3477,27786,807,469,3844
BOOLY_4Huh7_DME_IKK_c01rD,,,,1,,1,,,,,,,,,1,0,0,0,0,0,0,0,0,0,0,0,0,0,0,0,0,0,0,1759,4272,2486,271,200,81,11385,679,36,1443,119,677,763,2165,20392,636,164,3096
BOOLY_4Huh7_DME_PI3K+MEK_c01rE,,,,1,,1,,,,,,,1,1,,0,0,0,0,0,0,0,0,0,0,0,0,0,0,0,0,0,0,1017,2576,1539,614,371,353,5504,677,143,12617,195,2485,678,1458,27393,605,497,2885
BOOLY_4Huh7_DME_MEK+IKK_c01rF,,,,1,,1,,,,,,,,1,1,0,0,0,0,0,0,0,0,0,0,0,0,0,0,0,0,0,0,2111,1577,2970,491,380,227,9291,680,52,3144,127,716,716,2039,28087,709,463,3295
BOOLY_4Huh7_DME_IKK+PI3K_c01rG,,,,1,,1,,,,,,,1,,1,0,0,0,0,0,0,0,0,0,0,0,0,0,0,0,0,0,0,573,3386,950,382,317,165,4499,572,51,2493,117,1033,868,2289,24338,998,296,3141
BOOLY_4Huh7_DME_PI3K+MEK+IKK_c01rH,,,,1,,1,,,,,,,1,1,1,0,0,0,0,0,0,0,0,0,0,0,0,0,0,0,0,0,0,757,1436,919,397,295,186,3369,533,37,2301,118,566,605,1292,28514,496,403,2447
BOOLY_4Huh7_DME_NOINH_c01rA,,,,1,,1,,,,,,1,,,,30,30,30,30,30,30,30,30,30,30,30,30,30,30,30,30,30,30,2628,4572,2464,403,282,154,11137,621,170,3372,223,2081,537,1718,20543,624,207,2597
BOOLY_4Huh7_DME_PI3K_c01rB,,,,1,,1,,,,,,,1,,,30,30,30,30,30,30,30,30,30,30,30,30,30,30,30,30,30,30,484,5154,1711,398,239,83,7988,769,81,2404,142,2891,743,1624,22137,548,184,3447
BOOLY_4Huh7_DME_MEK_c01rC,,,,1,,1,,,,,,,,1,,30,30,30,30,30,30,30,30,30,30,30,30,30,30,30,30,30,30,6269,3083,6349,661,406,191,23663,971,109,16729,222,2584,952,3477,27786,807,469,3844
BOOLY_4Huh7_DME_IKK_c01rD,,,,1,,1,,,,,,,,,1,30,30,30,30,30,30,30,30,30,30,30,30,30,30,30,30,30,30,1759,4272,2486,271,200,81,11385,679,36,1443,119,677,763,2165,20392,636,164,3096
BOOLY_4Huh7_DME_PI3K+MEK_c01rE,,,,1,,1,,,,,,,1,1,,30,30,30,30,30,30,30,30,30,30,30,30,30,30,30,30,30,30,1017,2576,1539,614,371,353,5504,677,143,12617,195,2485,678,1458,27393,605,497,2885
BOOLY_4Huh7_DME_MEK+IKK_c01rF,,,,1,,1,,,,,,,,1,1,30,30,30,30,30,30,30,30,30,30,30,30,30,30,30,30,30,30,2111,1577,2970,491,380,227,9291,680,52,3144,127,716,716,2039,28087,709,463,3295
BOOLY_4Huh7_DME_IKK+PI3K_c01rG,,,,1,,1,,,,,,,1,,1,30,30,30,30,30,30,30,30,30,30,30,30,30,30,30,30,30,30,573,3386,950,382,317,165,4499,572,51,2493,117,1033,868,2289,24338,998,296,3141
BOOLY_4Huh7_DME_PI3K+MEK+IKK_c01rH,,,,1,,1,,,,,,,1,1,1,30,30,30,30,30,30,30,30,30,30,30,30,30,30,30,30,30,30,757,1436,919,397,295,186,3369,533,37,2301,118,566,605,1292,28514,496,403,2447
BOOLY_4Huh7_IL1a_NOINH_c02rA,,,,1,,,1,,,,,1,,,,30,30,30,30,30,30,30,30,30,30,30,30,30,30,30,30,30,30,4863,7874,6116,1297,1798,2231,23691,807,63,22480,952,1970,2025,4099,23335,608,198,3463
BOOLY_4Huh7_IL1a_PI3K_c02rB,,,,1,,,1,,,,,,1,,,30,30,30,30,30,30,30,30,30,30,30,30,30,30,30,30,30,30,1116,10789,5596,1649,1508,2023,20506,932,98,19577,952,2574,1852,3689,24779,720,269,4193
BOOLY_4Huh7_IL1a_MEK_c02rC,,,,1,,,1,,,,,,,1,,30,30,30,30,30,30,30,30,30,30,30,30,30,30,30,30,30,30,7303,2825,7648,1821,2343,1650,25107,786,102,25714,599,1909,1653,4593,28427,872,481,3930
BOOLY_4Huh7_IL1a_IKK_c02rD,,,,1,,,1,,,,,,,,1,30,30,30,30,30,30,30,30,30,30,30,30,30,30,30,30,30,30,3492,6487,4963,2213,539,750,14692,798,45,4341,203,1129,924,3201,24010,1258,262,4478
BOOLY_4Huh7_IL1a_PI3K+MEK_c02rE,,,,1,,,1,,,,,,1,1,,30,30,30,30,30,30,30,30,30,30,30,30,30,30,30,30,30,30,1859,2786,2819,1949,1875,1412,13745,687,119,23249,457,2495,1448,2252,28295,740,425,3061
BOOLY_4Huh7_IL1a_MEK+IKK_c02rF,,,,1,,,1,,,,,,,1,1,30,30,30,30,30,30,30,30,30,30,30,30,30,30,30,30,30,30,4591,1896,4041,2043,679,561,15160,655,48,12271,194,796,770,2423,28729,843,484,3168
BOOLY_4Huh7_IL1a_IKK+PI3K_c02rG,,,,1,,,1,,,,,,1,,1,30,30,30,30,30,30,30,30,30,30,30,30,30,30,30,30,30,30,474,6623,1832,1554,302,443,6128,650,33,4111,196,716,748,1669,23149,531,184,2738
BOOLY_4Huh7_IL1a_PI3K+MEK+IKK_c02rH,,,,1,,,1,,,,,,1,1,1,30,30,30,30,30,30,30,30,30,30,30,30,30,30,30,30,30,30,933,1788,1318,1749,610,588,6100,618,50,11221,180,786,728,1679,27464,686,329,3069
BOOLY_4Huh7_TGFa_NOINH_c03rA,,,,1,,,,1,,,,1,,,,30,30,30,30,30,30,30,30,30,30,30,30,30,30,30,30,30,30,23443,23126,13086,590,695,449,25043,1867,96,21593,2486,3109,814,7148,26955,917,398,5690
BOOLY_4Huh7_TGFa_PI3K_c03rB,,,,1,,,,1,,,,,1,,,30,30,30,30,30,30,30,30,30,30,30,30,30,30,30,30,30,30,3518,23332,13421,542,569,360,24278,1777,79,22290,2433,2714,886,6848,27077,764,422,6097
BOOLY_4Huh7_TGFa_MEK_c03rC,,,,1,,,,1,,,,,,1,,30,30,30,30,30,30,30,30,30,30,30,30,30,30,30,30,30,30,24419,7277,13025,744,1105,747,25072,883,127,25464,805,2362,854,5909,28218,851,690,7280
BOOLY_4Huh7_TGFa_IKK_c03rD,,,,1,,,,1,,,,,,,1,30,30,30,30,30,30,30,30,30,30,30,30,30,30,30,30,30,30,19479,24241,14122,516,732,573,24572,2193,72,13977,2442,1254,949,8784,27572,1394,570,5883
BOOLY_4Huh7_TGFa_PI3K+MEK_c03rE,,,,1,,,,1,,,,,1,1,,30,30,30,30,30,30,30,30,30,30,30,30,30,30,30,30,30,30,5542,8248,6068,653,983,756,17372,1044,107,23907,666,2561,794,2656,28437,763,564,6105
BOOLY_4Huh7_TGFa_MEK+IKK_c03rF,,,,1,,,,1,,,,,,1,1,30,30,30,30,30,30,30,30,30,30,30,30,30,30,30,30,30,30,23694,9822,13675,665,1087,753,24220,1081,81,16092,587,978,913,5442,28688,1371,691,7292
BOOLY_4Huh7_TGFa_IKK+PI3K_c03rG,,,,1,,,,1,,,,,1,,1,30,30,30,30,30,30,30,30,30,30,30,30,30,30,30,30,30,30,1306,24597,13032,554,727,668,21486,1926,66,11688,2511,1361,949,7173,27899,1590,667,5629
BOOLY_4Huh7_TGFa_PI3K+MEK+IKK_c03rH,,,,1,,,,1,,,,,1,1,1,30,30,30,30,30,30,30,30,30,30,30,30,30,30,30,30,30,30,4810,7464,4397,519,754,611,13464,892,60,11828,435,840,703,2856,28435,700,432,5972
BOOLY_4Huh7_IL6_NOINH_c04rA,,,,1,,,,,1,,,1,,,,30,30,30,30,30,30,30,30,30,30,30,30,30,30,30,30,30,30,3721,9226,6763,359,249,146,24328,1098,9614,5540,427,2552,711,4339,23374,704,436,4098
BOOLY_4Huh7_IL6_PI3K_c04rB,,,,1,,,,,1,,,,1,,,30,30,30,30,30,30,30,30,30,30,30,30,30,30,30,30,30,30,865,10890,4181,391,241,152,14636,999,10433,2702,347,2705,715,2786,23804,636,437,4039
BOOLY_4Huh7_IL6_MEK_c04rC,,,,1,,,,,1,,,,,1,,30,30,30,30,30,30,30,30,30,30,30,30,30,30,30,30,30,30,6654,3539,6961,573,499,303,23767,819,9572,20793,260,1844,771,3785,28441,819,693,4267
BOOLY_4Huh7_IL6_IKK_c04rD,,,,1,,,,,1,,,,,,1,30,30,30,30,30,30,30,30,30,30,30,30,30,30,30,30,30,30,1630,3816,3402,282,267,101,10319,722,55,1212,121,985,862,2902,18089,1135,288,3731
BOOLY_4Huh7_IL6_PI3K+MEK_c04rE,,,,1,,,,,1,,,,1,1,,30,30,30,30,30,30,30,30,30,30,30,30,30,30,30,30,30,30,1402,4031,2741,657,500,408,7715,717,11414,17960,242,2839,739,1954,28205,1193,810,3991
BOOLY_4Huh7_IL6_MEK+IKK_c04rF,,,,1,,,,,1,,,,,1,1,30,30,30,30,30,30,30,30,30,30,30,30,30,30,30,30,30,30,4074,1872,3172,550,303,231,11892,677,51,2948,131,865,767,2158,28276,872,609,3382
BOOLY_4Huh7_IL6_IKK+PI3K_c04rG,,,,1,,,,,1,,,,1,,1,30,30,30,30,30,30,30,30,30,30,30,30,30,30,30,30,30,30,399,4519,1379,313,166,55,5339,636,23,1372,105,779,791,1583,20225,689,188,3521
BOOLY_4Huh7_IL6_PI3K+MEK+IKK_c04rH,,,,1,,,,,1,,,,1,1,1,30,30,30,30,30,30,30,30,30,30,30,30,30,30,30,30,30,30,1131,1979,1218,493,384,254,4113,750,55,3110,137,947,796,1908,27766,1255,471,3830
BOOLY_4Huh7_INS_NOINH_c05rA,,,,1,,,,,,1,,1,,,,30,30,30,30,30,30,30,30,30,30,30,30,30,30,30,30,30,30,24365,6617,13845,369,293,102,24934,934,98,7760,247,2588,875,4111,23059,697,254,5999
BOOLY_4Huh7_INS_PI3K_c05rB,,,,1,,,,,,1,,,1,,,30,30,30,30,30,30,30,30,30,30,30,30,30,30,30,30,30,30,10428,5917,8652,330,229,74,21964,841,96,3140,204,2670,745,2666,22328,701,212,5395
BOOLY_4Huh7_INS_MEK_c05rB,,,,1,,,,,,1,,,,1,,30,30,30,30,30,30,30,30,30,30,30,30,30,30,30,30,30,30,23358,3298,12975,733,532,307,23946,752,117,22001,238,2317,713,3682,27991,1178,575,5507
BOOLY_4Huh7_INS_IKK_c05rD,,,,1,,,,,,1,,,,,1,30,30,30,30,30,30,30,30,30,30,30,30,30,30,30,30,30,30,16181,4196,8270,291,307,106,22838,806,42,1513,132,952,801,3890,18472,1174,258,4971
BOOLY_4Huh7_INS_PI3K+MEK_c05rE,,,,1,,,,,,1,,,1,1,,30,30,30,30,30,30,30,30,30,30,30,30,30,30,30,30,30,30,10652,2606,7186,581,431,256,12505,750,142,12248,180,2814,664,2194,27640,1212,519,4794
BOOLY_4Huh7_INS_MEK+IKK_c05rF,,,,1,,,,,,1,,,,1,1,30,30,30,30,30,30,30,30,30,30,30,30,30,30,30,30,30,30,20692,2115,10835,624,460,232,22614,773,79,3678,145,1150,881,3652,28170,1461,627,4661
BOOLY_4Huh7_INS_IKK+PI3K_c05rG,,,,1,,,,,,1,,,1,,1,30,30,30,30,30,30,30,30,30,30,30,30,30,30,30,30,30,30,3022,5036,4283,298,290,107,7431,752,46,1503,138,1053,947,2195,21234,1312,275,4908
BOOLY_4Huh7_INS_PI3K+MEK+IKK_c05rH,,,,1,,,,,,1,,,1,1,1,30,30,30,30,30,30,30,30,30,30,30,30,30,30,30,30,30,30,8476,2165,4352,528,426,253,7758,725,74,3863,143,956,911,2130,27430,1521,575,3804
BOOLY_4Huh7_TNFa_NOINH_c06rA,,,,1,,,,,,,1,1,,,,30,30,30,30,30,30,30,30,30,30,30,30,30,30,30,30,30,30,6084,7034,8968,1609,2226,1818,24293,1007,80,24545,1410,2503,1881,5975,24212,1412,308,5408
BOOLY_4Huh7_TNFa_PI3K_c06rB,,,,1,,,,,,,1,,1,,,30,30,30,30,30,30,30,30,30,30,30,30,30,30,30,30,30,30,961,8623,4589,1184,1807,1554,18510,876,78,22527,1144,2606,1768,4543,23984,1066,274,4501
BOOLY_4Huh7_TNFa_MEK_c06rB,,,,1,,,,,,,1,,,1,,30,30,30,30,30,30,30,30,30,30,30,30,30,30,30,30,30,30,7570,2156,8739,1547,2936,1825,24317,779,111,26216,910,2565,1625,5447,28280,1471,623,4660
BOOLY_4Huh7_TNFa_IKK_c06rD,,,,1,,,,,,,1,,,,1,30,30,30,30,30,30,30,30,30,30,30,30,30,30,30,30,30,30,4942,8224,5469,638,782,1115,19510,965,44,12208,628,832,900,3995,24546,1170,298,3911
BOOLY_4Huh7_TNFa_PI3K+MEK_c06rE,,,,1,,,,,,,1,,1,1,,30,30,30,30,30,30,30,30,30,30,30,30,30,30,30,30,30,30,1981,2418,2362,1390,2321,1977,14917,867,115,25399,890,3286,1594,3873,27926,1798,635,5406
BOOLY_4Huh7_TNFa_MEK+IKK_c06rF,,,,1,,,,,,,1,,,1,1,30,30,30,30,30,30,30,30,30,30,30,30,30,30,30,30,30,30,5680,1688,4951,1097,1658,976,18100,607,52,20294,274,893,879,3488,28446,1404,511,3998
BOOLY_4Huh7_TNFa_IKK+PI3K_c06rG,,,,1,,,,,,,1,,1,,1,30,30,30,30,30,30,30,30,30,30,30,30,30,30,30,30,30,30,606,9638,3331,1083,806,1158,11438,995,52,13047,512,1072,1030,3124,24881,1488,345,4763
BOOLY_4Huh7_TNFa_PI3K+MEK+IKK_c06rH,,,,1,,,,,,,1,,1,1,1,30,30,30,30,30,30,30,30,30,30,30,30,30,30,30,30,30,30,1249,1957,1335,1091,1208,973,8858,728,62,14619,311,872,939,2267,27945,1383,497,3501
BOOLY_4Huh7_IL1+INS_NOINH_c08rA,,,,1,,,1,,,1,,1,,,,30,30,30,30,30,30,30,30,30,30,30,30,30,30,30,30,30,30,23657,8940,10154,1508,5576,2749,24632,1094,75,23568,1609,1890,5766,5866,24394,760,267,4821
BOOLY_4Huh7_IL1+INS_PI3K_c08rB,,,,1,,,1,,,1,,,1,,,30,30,30,30,30,30,30,30,30,30,30,30,30,30,30,30,30,30,8726,9748,8076,1605,5410,2259,23687,934,75,21678,1323,2329,4806,4658,24690,1059,254,4875
BOOLY_4Huh7_IL1+INS_MEK_c08rB,,,,1,,,1,,,1,,,,1,,30,30,30,30,30,30,30,30,30,30,30,30,30,30,30,30,30,30,24275,2579,9796,1709,5647,2168,25297,733,77,24694,983,1976,5366,5138,27628,917,514,5032
BOOLY_4Huh7_IL1+INS_IKK_c08rD,,,,1,,,1,,,1,,,,,1,30,30,30,30,30,30,30,30,30,30,30,30,30,30,30,30,30,30,17222,8756,9414,1141,2154,1655,23373,1044,46,12301,826,1183,2047,4789,24553,1172,291,4259
BOOLY_4Huh7_IL1+INS_PI3K+MEK_c08rE,,,,1,,,1,,,1,,,1,1,,30,30,30,30,30,30,30,30,30,30,30,30,30,30,30,30,30,30,9898,3078,7048,1420,4938,1947,23530,776,85,25112,802,2432,4388,3713,27754,893,484,5543
BOOLY_4Huh7_IL1+INS_MEK+IKK_c08rF,,,,1,,,1,,,1,,,,1,1,30,30,30,30,30,30,30,30,30,30,30,30,30,30,30,30,30,30,19583,1971,8707,1345,2905,1149,24129,708,48,18497,360,789,1682,4207,27945,857,499,4133
BOOLY_4Huh7_IL1+INS_IKK+PI3K_c08rG,,,,1,,,1,,,1,,,1,,1,30,30,30,30,30,30,30,30,30,30,30,30,30,30,30,30,30,30,3920,11453,6227,1307,1751,1573,16589,1003,40,14153,695,863,1740,3510,25042,779,253,3854
BOOLY_4Huh7_IL1+INS_PI3K+MEK+IKK_c08rH,,,,1,,,1,,,1,,,1,1,1,30,30,30,30,30,30,30,30,30,30,30,30,30,30,30,30,30,30,7607,1944,4059,2086,1489,1039,12997,667,53,15418,239,757,1164,2325,27163,802,398,3923
BOOLY_4Huh7_IL6+INS_NOINH_c09rA,,,,1,,,,,1,1,,1,,,,30,30,30,30,30,30,30,30,30,30,30,30,30,30,30,30,30,30,23222,13859,11686,385,373,241,24535,1479,8212,9534,728,1797,724,4171,24519,679,420,5636
BOOLY_4Huh7_IL6+INS_PI3K_c09rB,,,,1,,,,,1,1,,,1,,,30,30,30,30,30,30,30,30,30,30,30,30,30,30,30,30,30,30,9197,13380,8946,389,214,174,23167,1285,9182,5162,614,1937,718,3969,24817,647,483,5800
BOOLY_4Huh7_IL6+INS_MEK_c09rB,,,,1,,,,,1,1,,,,1,,30,30,30,30,30,30,30,30,30,30,30,30,30,30,30,30,30,30,24152,4625,10412,593,618,353,23568,872,8603,22945,345,2061,672,3911,27390,1046,749,5518
BOOLY_4Huh7_IL6+INS_IKK_c09rD,,,,1,,,,,1,1,,,,,1,30,30,30,30,30,30,30,30,30,30,30,30,30,30,30,30,30,30,15778,4407,9512,262,218,70,23789,847,36,1268,123,807,925,3752,19175,691,196,4448
BOOLY_4Huh7_IL6+INS_PI3K+MEK_c09rE,,,,1,,,,,1,1,,,1,1,,30,30,30,30,30,30,30,30,30,30,30,30,30,30,30,30,30,30,9774,5151,6909,620,465,275,15974,907,10463,20817,275,2558,743,2071,27620,740,754,5910
BOOLY_4Huh7_IL6+INS_MEK+IKK_c09rF,,,,1,,,,,1,1,,,,1,1,30,30,30,30,30,30,30,30,30,30,30,30,30,30,30,30,30,30,16111,1980,9575,562,403,238,23534,670,52,4089,147,834,921,3383,27856,900,538,4268
BOOLY_4Huh7_IL6+INS_IKK+PI3K_c09rG,,,,1,,,,,1,1,,,1,,1,30,30,30,30,30,30,30,30,30,30,30,30,30,30,30,30,30,30,1998,4638,2720,217,103,62,5720,676,33,854,114,593,673,1388,19996,490,159,2928
BOOLY_4Huh7_IL6+INS_PI3K+MEK+IKK_c09rH,,,,1,,,,,1,1,,,1,1,1,30,30,30,30,30,30,30,30,30,30,30,30,30,30,30,30,30,30,6612,1874,3422,517,365,180,6267,614,70,2564,132,839,809,2218,27601,1322,510,4169
BOOLY_4Huh7_TGFa+INS_NOINH_c10rA,,,,1,,,,1,,1,,1,,,,30,30,30,30,30,30,30,30,30,30,30,30,30,30,30,30,30,30,23612,23299,13545,503,774,393,24503,1843,76,20346,2275,2307,840,6225,26848,786,372,6678
BOOLY_4Huh7_TGFa+INS_PI3K_c10rB,,,,1,,,,1,,1,,,1,,,30,30,30,30,30,30,30,30,30,30,30,30,30,30,30,30,30,30,8630,23592,14404,540,742,288,24360,2188,84,22873,2245,2840,860,6293,26949,747,406,7560
BOOLY_4Huh7_TGFa+INS_MEK_c10rB,,,,1,,,,1,,1,,,,1,,30,30,30,30,30,30,30,30,30,30,30,30,30,30,30,30,30,30,25001,9905,13224,759,1146,650,24783,1211,123,24650,923,2537,858,4965,28158,958,663,8622
BOOLY_4Huh7_TGFa+INS_IKK_c10rD,,,,1,,,,1,,1,,,,,1,30,30,30,30,30,30,30,30,30,30,30,30,30,30,30,30,30,30,19466,24053,13436,435,644,386,23960,2452,65,9189,2910,1265,908,8090,26629,893,519,5708
BOOLY_4Huh7_TGFa+INS_PI3K+MEK_c10rE,,,,1,,,,1,,1,,,1,1,,30,30,30,30,30,30,30,30,30,30,30,30,30,30,30,30,30,30,14606,9526,9089,678,1364,643,23114,1141,128,24313,731,2596,911,2959,28114,869,618,8211
BOOLY_4Huh7_TGFa+INS_MEK+IKK_c10rF,,,,1,,,,1,,1,,,,1,1,30,30,30,30,30,30,30,30,30,30,30,30,30,30,30,30,30,30,23607,11396,13749,664,897,663,21888,1288,90,13284,593,360,376,1554,28780,734,592,5651
BOOLY_4Huh7_TGFa+INS_IKK+PI3K_c10rG,,,,1,,,,1,,1,,,1,,1,30,30,30,30,30,30,30,30,30,30,30,30,30,30,30,30,30,30,2520,24547,12617,637,624,477,23817,2070,55,12809,2440,1075,1023,6316,27917,857,565,4739
BOOLY_4Huh7_TGFa+INS_PI3K+MEK+IKK_c10rH,,,,1,,,,1,,1,,,1,1,1,30,30,30,30,30,30,30,30,30,30,30,30,30,30,30,30,30,30,12415,9819,6841,540,637,522,16385,962,57,13532,473,753,734,2582,28441,678,496,5483
BOOLY_4Huh7_TGFa+TNF_NOINH_c11rA,,,,1,,,,1,,,1,1,,,,30,30,30,30,30,30,30,30,30,30,30,30,30,30,30,30,30,30,22343,23335,11215,1406,3959,1950,24767,1673,60,23870,2672,2354,2991,7572,26045,766,339,4887
BOOLY_4Huh7_TGFa+TNF_PI3K_c11rB,,,,1,,,,1,,,1,,1,,,30,30,30,30,30,30,30,30,30,30,30,30,30,30,30,30,30,30,1939,19592,9797,1342,2646,2172,23375,1367,85,23951,2048,2807,1798,6544,26677,1102,393,5121
BOOLY_4Huh7_TGFa+TNF_MEK_c11rB,,,,1,,,,1,,,1,,,1,,30,30,30,30,30,30,30,30,30,30,30,30,30,30,30,30,30,30,24921,7644,11732,1584,4214,2630,25087,1075,104,25962,1813,2164,3932,5921,28260,918,651,6479
BOOLY_4Huh7_TGFa+TNF_IKK_c11rD,,,,1,,,,1,,,1,,,,1,30,30,30,30,30,30,30,30,30,30,30,30,30,30,30,30,30,30,19503,23891,13353,970,3359,2036,25085,2328,47,23300,3139,1300,2166,7889,27312,951,510,6528
BOOLY_4Huh7_TGFa+TNF_PI3K+MEK_c11rE,,,,1,,,,1,,,1,,1,1,,30,30,30,30,30,30,30,30,30,30,30,30,30,30,30,30,30,30,7822,8021,5690,1107,2609,1615,21937,948,76,23990,1285,1676,3253,3922,27869,631,464,6324
BOOLY_4Huh7_TGFa+TNF_MEK+IKK_c11rF,,,,1,,,,1,,,1,,,1,1,30,30,30,30,30,30,30,30,30,30,30,30,30,30,30,30,30,30,24011,10548,12722,1037,4603,2101,24901,1198,61,23051,1407,844,2567,6220,28217,905,695,7712
BOOLY_4Huh7_TGFa+TNF_IKK+PI3K_c11rG,,,,1,,,,1,,,1,,1,,1,30,30,30,30,30,30,30,30,30,30,30,30,30,30,30,30,30,30,1387,24786,12614,982,3209,2025,23023,2042,54,18678,2804,992,2089,7188,28042,877,539,4314
BOOLY_4Huh7_TGFa+TNF_PI3K+MEK+IKK_c11rH,,,,1,,,,1,,,1,,1,1,1,30,30,30,30,30,30,30,30,30,30,30,30,30,30,30,30,30,30,12004,11980,10691,1573,4266,2467,24239,1188,78,23820,1170,852,2087,4857,28539,875,714,7682
BOOLY_4Huh7_DME_NOINH_c12rA,,,,1,,1,,,,,,1,,,,0,0,0,0,0,0,0,0,0,0,0,0,0,0,0,0,0,0,2299,5141,4273,379,187,73,23463,712,98,3603,157,1497,606,3004,17349,461,180,3317
BOOLY_4Huh7_DME_PI3K_c12rB,,,,1,,1,,,,,,,1,,,0,0,0,0,0,0,0,0,0,0,0,0,0,0,0,0,0,0,547,4963,2083,353,252,87,10453,733,83,3561,178,2429,586,1838,21518,492,142,3670
BOOLY_4Huh7_DME_MEK_c12rB,,,,1,,1,,,,,,,,1,,0,0,0,0,0,0,0,0,0,0,0,0,0,0,0,0,0,0,6524,2208,5781,607,507,307,23043,598,94,11434,186,2029,623,3165,27721,564,439,3387
BOOLY_4Huh7_DME_IKK_c12rD,,,,1,,1,,,,,,,,,1,0,0,0,0,0,0,0,0,0,0,0,0,0,0,0,0,0,0,1291,3404,2491,251,203,63,11396,672,27,1050,107,769,700,2058,18832,523,174,2676
BOOLY_4Huh7_DME_PI3K+MEK_c12rE,,,,1,,1,,,,,,,1,1,,0,0,0,0,0,0,0,0,0,0,0,0,0,0,0,0,0,0,1149,2544,1825,548,328,277,7086,658,110,10063,180,2097,635,1254,27461,593,351,3108
BOOLY_4Huh7_DME_MEK+IKK_c12rF,,,,1,,1,,,,,,,,1,1,0,0,0,0,0,0,0,0,0,0,0,0,0,0,0,0,0,0,2634,1655,2876,472,250,221,9999,574,45,4066,152,622,717,1856,27939,551,432,2875
BOOLY_4Huh7_DME_IKK+PI3K_c12rG,,,,1,,1,,,,,,,1,,1,0,0,0,0,0,0,0,0,0,0,0,0,0,0,0,0,0,0,481,4566,1361,327,205,73,6054,763,30,1597,105,657,772,1587,23323,549,196,3092
BOOLY_4Huh7_DME_PI3K+MEK+IKK_c12rH,,,,1,,1,,,,,,,1,1,1,0,0,0,0,0,0,0,0,0,0,0,0,0,0,0,0,0,0,973,2002,1205,441,274,199,4223,576,45,3265,138,598,650,1191,27962,503,419,2545
BOOLY_Focus_DME_NOINH_c01rA,,,,,1,1,,,,,,1,,,,0,0,0,0,0,0,0,0,0,0,0,0,0,0,0,0,0,0,6073,10129,9721,379,163,151,7043,815,688,10156,177,1955,665,1389,6112,354,133,3644
BOOLY_Focus_DME_PI3K_c01rB,,,,,1,1,,,,,,,1,,,0,0,0,0,0,0,0,0,0,0,0,0,0,0,0,0,0,0,568,5291,4297,462,194,179,4924,618,1032,15817,149,4359,912,1493,3689,371,141,3347
BOOLY_Focus_DME_MEK_c01rC,,,,,1,1,,,,,,,,1,,0,0,0,0,0,0,0,0,0,0,0,0,0,0,0,0,0,0,5745,1235,9846,441,174,192,5473,572,794,9013,162,2719,655,1282,18748,420,171,3811
BOOLY_Focus_DME_IKK_c01rD,,,,,1,1,,,,,,,,,1,0,0,0,0,0,0,0,0,0,0,0,0,0,0,0,0,0,0,2635,2039,5704,252,118,116,5203,519,31,4008,138,633,880,1764,1992,362,135,2795
BOOLY_Focus_DME_PI3K+MEK_c01rE,,,,,1,1,,,,,,,1,1,,0,0,0,0,0,0,0,0,0,0,0,0,0,0,0,0,0,0,517,871,3696,392,176,194,4100,531,913,8336,158,4125,749,1312,14770,487,163,3490
BOOLY_Focus_DME_MEK+IKK_c01rF,,,,,1,1,,,,,,,,1,1,0,0,0,0,0,0,0,0,0,0,0,0,0,0,0,0,0,0,2135,828,4456,218,103,79,5006,441,34,3028,164,608,853,1633,1956,395,108,3507
BOOLY_Focus_DME_IKK+PI3K_c01rG,,,,,1,1,,,,,,,1,,1,0,0,0,0,0,0,0,0,0,0,0,0,0,0,0,0,0,0,457,1822,3611,233,157,109,5436,521,40,5204,150,655,1156,1978,1710,711,171,3813
BOOLY_Focus_DME_PI3K+MEK+IKK_c01rH,,,,,1,1,,,,,,,1,1,1,0,0,0,0,0,0,0,0,0,0,0,0,0,0,0,0,0,0,429,1129,4423,254,157,103,5309,584,36,5905,142,621,1185,1979,1655,529,155,3521
BOOLY_Focus_DME_NOINH_c01rA,,,,,1,1,,,,,,1,,,,30,30,30,30,30,30,30,30,30,30,30,30,30,30,30,30,30,30,6073,10129,9721,379,163,151,7043,815,688,10156,177,1955,665,1389,6112,354,133,3644
BOOLY_Focus_DME_PI3K_c01rB,,,,,1,1,,,,,,,1,,,30,30,30,30,30,30,30,30,30,30,30,30,30,30,30,30,30,30,568,5291,4297,462,194,179,4924,618,1032,15817,149,4359,912,1493,3689,371,141,3347
BOOLY_Focus_DME_MEK_c01rC,,,,,1,1,,,,,,,,1,,30,30,30,30,30,30,30,30,30,30,30,30,30,30,30,30,30,30,5745,1235,9846,441,174,192,5473,572,794,9013,162,2719,655,1282,18748,420,171,3811
BOOLY_Focus_DME_IKK_c01rD,,,,,1,1,,,,,,,,,1,30,30,30,30,30,30,30,30,30,30,30,30,30,30,30,30,30,30,2635,2039,5704,252,118,116,5203,519,31,4008,138,633,880,1764,1992,362,135,2795
BOOLY_Focus_DME_PI3K+MEK_c01rE,,,,,1,1,,,,,,,1,1,,30,30,30,30,30,30,30,30,30,30,30,30,30,30,30,30,30,30,517,871,3696,392,176,194,4100,531,913,8336,158,4125,749,1312,14770,487,163,3490
BOOLY_Focus_DME_MEK+IKK_c01rF,,,,,1,1,,,,,,,,1,1,30,30,30,30,30,30,30,30,30,30,30,30,30,30,30,30,30,30,2135,828,4456,218,103,79,5006,441,34,3028,164,608,853,1633,1956,395,108,3507
BOOLY_Focus_DME_IKK+PI3K_c01rG,,,,,1,1,,,,,,,1,,1,30,30,30,30,30,30,30,30,30,30,30,30,30,30,30,30,30,30,457,1822,3611,233,157,109,5436,521,40,5204,150,655,1156,1978,1710,711,171,3813
BOOLY_Focus_DME_PI3K+MEK+IKK_c01rH,,,,,1,1,,,,,,,1,1,1,30,30,30,30,30,30,30,30,30,30,30,30,30,30,30,30,30,30,429,1129,4423,254,157,103,5309,584,36,5905,142,621,1185,1979,1655,529,155,3521
BOOLY_Focus_IL1a_NOINH_c02rA,,,,,1,,1,,,,,1,,,,30,30,30,30,30,30,30,30,30,30,30,30,30,30,30,30,30,30,5658,9414,8558,580,273,174,6155,867,620,7599,208,2495,833,1868,5849,1379,228,5444
BOOLY_Focus_IL1a_PI3K_c02rB,,,,,1,,1,,,,,,1,,,30,30,30,30,30,30,30,30,30,30,30,30,30,30,30,30,30,30,755,4946,5473,517,252,179,5939,787,1114,13976,211,4919,1060,1745,3485,908,226,5038
BOOLY_Focus_IL1a_MEK_c02rC,,,,,1,,1,,,,,,,1,,30,30,30,30,30,30,30,30,30,30,30,30,30,30,30,30,30,30,6601,1346,10864,525,141,140,6301,495,927,11477,141,2029,572,1065,23183,435,170,3602
BOOLY_Focus_IL1a_IKK_c02rD,,,,,1,,1,,,,,,,,1,30,30,30,30,30,30,30,30,30,30,30,30,30,30,30,30,30,30,2809,2673,6977,293,175,112,5943,545,38,4132,112,959,1041,1816,1892,648,164,3317
BOOLY_Focus_IL1a_PI3K+MEK_c02rE,,,,,1,,1,,,,,,1,1,,30,30,30,30,30,30,30,30,30,30,30,30,30,30,30,30,30,30,585,1123,2304,393,185,150,3496,479,899,10245,117,4464,679,1329,23039,568,147,3574
BOOLY_Focus_IL1a_MEK+IKK_c02rF,,,,,1,,1,,,,,,,1,1,30,30,30,30,30,30,30,30,30,30,30,30,30,30,30,30,30,30,2466,1079,6767,241,239,126,5490,589,35,4304,145,1083,917,1917,2978,1297,173,4555
BOOLY_Focus_IL1a_IKK+PI3K_c02rG,,,,,1,,1,,,,,,1,,1,30,30,30,30,30,30,30,30,30,30,30,30,30,30,30,30,30,30,545,2269,3885,288,268,128,5307,729,43,5508,127,1046,1153,2273,2108,1393,225,4650
BOOLY_Focus_IL1a_PI3K+MEK+IKK_c02rH,,,,,1,,1,,,,,,1,1,1,30,30,30,30,30,30,30,30,30,30,30,30,30,30,30,30,30,30,539,1087,3631,263,223,131,4644,524,40,4797,135,832,981,2020,2925,1218,197,4295
BOOLY_Focus_TGFa_NOINH_c03rA,,,,,1,,,1,,,,1,,,,30,30,30,30,30,30,30,30,30,30,30,30,30,30,30,30,30,30,23605,26603,23456,704,671,396,22020,1541,526,23813,1135,2015,810,3200,27467,732,579,7426
BOOLY_Focus_TGFa_PI3K_c03rB,,,,,1,,,1,,,,,1,,,30,30,30,30,30,30,30,30,30,30,30,30,30,30,30,30,30,30,4881,26643,17694,836,821,382,17092,1712,746,24880,974,4804,930,3487,27703,966,565,8444
BOOLY_Focus_TGFa_MEK_c03rC,,,,,1,,,1,,,,,,1,,30,30,30,30,30,30,30,30,30,30,30,30,30,30,30,30,30,30,24116,7071,23627,674,1197,479,19370,745,1050,24330,407,2375,838,2336,27617,946,475,8206
BOOLY_Focus_TGFa_IKK_c03rD,,,,,1,,,1,,,,,,,1,30,30,30,30,30,30,30,30,30,30,30,30,30,30,30,30,30,30,23562,26617,23704,710,705,375,23455,1966,58,20952,1490,1111,908,4004,27725,944,615,5987
BOOLY_Focus_TGFa_PI3K+MEK_c03rE,,,,,1,,,1,,,,,1,1,,30,30,30,30,30,30,30,30,30,30,30,30,30,30,30,30,30,30,5798,5275,11714,704,771,378,7673,729,935,23428,241,4321,840,1708,27959,801,397,7271
BOOLY_Focus_TGFa_MEK+IKK_c03rF,,,,,1,,,1,,,,,,1,1,30,30,30,30,30,30,30,30,30,30,30,30,30,30,30,30,30,30,23981,5996,23280,397,577,376,20599,766,63,18285,281,889,956,2361,27850,661,404,8486
BOOLY_Focus_TGFa_IKK+PI3K_c03rG,,,,,1,,,1,,,,,1,,1,30,30,30,30,30,30,30,30,30,30,30,30,30,30,30,30,30,30,1505,26326,10822,556,559,442,16784,1879,67,16829,1295,1053,1140,3405,27492,1355,577,7011
BOOLY_Focus_TGFa_PI3K+MEK+IKK_c03rH,,,,,1,,,1,,,,,1,1,1,30,30,30,30,30,30,30,30,30,30,30,30,30,30,30,30,30,30,3196,5326,6634,340,555,320,5026,630,48,10460,212,901,862,1891,26895,1393,461,6377
BOOLY_Focus_IL6_NOINH_c04rA,,,,,1,,,,1,,,1,,,,30,30,30,30,30,30,30,30,30,30,30,30,30,30,30,30,30,30,14653,14249,5158,569,470,224,8687,658,13531,15331,302,1575,1117,1305,19701,424,286,4539
BOOLY_Focus_IL6_PI3K_c04rB,,,,,1,,,,1,,,,1,,,30,30,30,30,30,30,30,30,30,30,30,30,30,30,30,30,30,30,723,9776,5530,439,210,207,5510,826,14434,10363,195,3219,884,1626,3855,768,345,4797
BOOLY_Focus_IL6_MEK_c04rC,,,,,1,,,,1,,,,,1,,30,30,30,30,30,30,30,30,30,30,30,30,30,30,30,30,30,30,6065,1767,9900,378,362,280,7703,577,15551,12420,147,3793,790,1747,24003,1545,448,5930
BOOLY_Focus_IL6_IKK_c04rD,,,,,1,,,,1,,,,,,1,30,30,30,30,30,30,30,30,30,30,30,30,30,30,30,30,30,30,3245,3601,7873,266,157,93,6307,602,43,3851,140,1693,859,1554,2513,770,156,3990
BOOLY_Focus_IL6_PI3K+MEK_c04rE,,,,,1,,,,1,,,,1,1,,30,30,30,30,30,30,30,30,30,30,30,30,30,30,30,30,30,30,693,1343,4038,463,247,212,3659,468,14941,10502,146,2537,679,1126,24740,966,305,4922
BOOLY_Focus_IL6_MEK+IKK_c04rF,,,,,1,,,,1,,,,,1,1,30,30,30,30,30,30,30,30,30,30,30,30,30,30,30,30,30,30,3870,1224,8444,239,132,144,5729,525,47,4312,142,1240,854,1575,9112,932,130,4032
BOOLY_Focus_IL6_IKK+PI3K_c04rG,,,,,1,,,,1,,,,1,,1,30,30,30,30,30,30,30,30,30,30,30,30,30,30,30,30,30,30,629,3533,2728,235,257,146,6331,648,47,7263,112,1550,1279,2339,2708,1353,239,5356
BOOLY_Focus_IL6_PI3K+MEK+IKK_c04rH,,,,,1,,,,1,,,,1,1,1,30,30,30,30,30,30,30,30,30,30,30,30,30,30,30,30,30,30,791,1526,3397,330,457,201,5261,770,74,4636,210,1913,1392,2606,13812,2247,448,5641
BOOLY_Focus_INS_NOINH_c05rA,,,,,1,,,,,1,,1,,,,30,30,30,30,30,30,30,30,30,30,30,30,30,30,30,30,30,30,25084,15980,24553,514,218,213,23132,1081,764,11589,261,2824,960,2226,7002,1166,259,6859
BOOLY_Focus_INS_PI3K_c05rB,,,,,1,,,,,1,,,1,,,30,30,30,30,30,30,30,30,30,30,30,30,30,30,30,30,30,30,23025,11171,20746,494,134,111,15032,764,773,6262,180,3157,662,1606,4854,557,287,4620
BOOLY_Focus_INS_MEK_c05rB,,,,,1,,,,,1,,,,1,,30,30,30,30,30,30,30,30,30,30,30,30,30,30,30,30,30,30,24518,1524,23423,427,185,190,17631,619,914,10268,216,2028,634,1445,24489,589,234,4344
BOOLY_Focus_INS_IKK_c05rD,,,,,1,,,,,1,,,,,1,30,30,30,30,30,30,30,30,30,30,30,30,30,30,30,30,30,30,24481,5442,23550,264,268,156,16671,715,47,3192,165,1618,945,2444,4227,1589,238,6460
BOOLY_Focus_INS_PI3K+MEK_c05rE,,,,,1,,,,,1,,,1,1,,30,30,30,30,30,30,30,30,30,30,30,30,30,30,30,30,30,30,19784,1463,19779,455,220,170,9729,546,892,8765,196,2681,747,1589,24905,1057,302,4844
BOOLY_Focus_INS_MEK+IKK_c05rF,,,,,1,,,,,1,,,,1,1,30,30,30,30,30,30,30,30,30,30,30,30,30,30,30,30,30,30,23691,1387,23200,306,306,174,17641,677,44,4575,161,1200,833,2284,14903,1365,248,5079
BOOLY_Focus_INS_IKK+PI3K_c05rG,,,,,1,,,,,1,,,1,,1,30,30,30,30,30,30,30,30,30,30,30,30,30,30,30,30,30,30,13450,4923,16919,268,387,161,8551,908,59,4542,212,1782,1226,2830,3441,2569,317,6202
BOOLY_Focus_INS_PI3K+MEK+IKK_c05rH,,,,,1,,,,,1,,,1,1,1,30,30,30,30,30,30,30,30,30,30,30,30,30,30,30,30,30,30,19617,1172,18593,274,167,126,8551,628,40,4264,138,1229,970,2007,12985,1063,224,4557
BOOLY_Focus_TNFa_NOINH_c06rA,,,,,1,,,,,,1,1,,,,30,30,30,30,30,30,30,30,30,30,30,30,30,30,30,30,30,30,13290,24802,17760,1049,1820,1154,15599,1208,318,25942,2494,2462,3176,3430,20708,1869,403,5835
BOOLY_Focus_TNFa_PI3K_c06rB,,,,,1,,,,,,1,,1,,,30,30,30,30,30,30,30,30,30,30,30,30,30,30,30,30,30,30,995,24360,9528,1537,2372,854,15513,1176,270,25428,2539,3034,4685,2976,19444,810,208,4903
BOOLY_Focus_TNFa_MEK_c06rB,,,,,1,,,,,,1,,,1,,30,30,30,30,30,30,30,30,30,30,30,30,30,30,30,30,30,30,13904,1561,15506,1203,3268,1183,17340,705,503,24995,1943,2209,6134,2820,25794,1435,389,5109
BOOLY_Focus_TNFa_IKK_c06rD,,,,,1,,,,,,1,,,,1,30,30,30,30,30,30,30,30,30,30,30,30,30,30,30,30,30,30,7722,22097,13913,1251,1823,793,13620,900,39,23214,1649,1043,2952,2435,13729,685,190,4008
BOOLY_Focus_TNFa_PI3K+MEK_c06rE,,,,,1,,,,,,1,,1,1,,30,30,30,30,30,30,30,30,30,30,30,30,30,30,30,30,30,30,661,1324,3345,1117,2494,1232,10790,678,376,23861,1399,3903,5492,2383,25018,1573,283,5080
BOOLY_Focus_TNFa_MEK+IKK_c06rF,,,,,1,,,,,,1,,,1,1,30,30,30,30,30,30,30,30,30,30,30,30,30,30,30,30,30,30,3989,1021,8717,1977,1451,726,10500,494,30,23708,811,656,2214,1670,21005,449,163,3038
BOOLY_Focus_TNFa_IKK+PI3K_c06rG,,,,,1,,,,,,1,,1,,1,30,30,30,30,30,30,30,30,30,30,30,30,30,30,30,30,30,30,727,16202,5587,2717,1411,911,10112,938,67,24359,975,1240,2063,2725,10346,1628,236,5561
BOOLY_Focus_TNFa_PI3K+MEK+IKK_c06rH,,,,,1,,,,,,1,,1,1,1,30,30,30,30,30,30,30,30,30,30,30,30,30,30,30,30,30,30,665,1068,3684,2208,1550,945,8749,544,38,24612,661,717,2213,1998,19271,559,210,3508
BOOLY_Focus_IL1+INS_NOINH_c08rA,,,,,1,,1,,,1,,1,,,,30,30,30,30,30,30,30,30,30,30,30,30,30,30,30,30,30,30,24204,21638,23673,590,187,261,19476,1005,656,9392,246,1657,801,2029,9222,780,212,5453
BOOLY_Focus_IL1+INS_PI3K_c08rB,,,,,1,,1,,,1,,,1,,,30,30,30,30,30,30,30,30,30,30,30,30,30,30,30,30,30,30,20358,11585,22409,555,338,202,15118,919,749,9159,209,3582,929,2214,6514,1405,329,5863
BOOLY_Focus_IL1+INS_MEK_c08rB,,,,,1,,1,,,1,,,,1,,30,30,30,30,30,30,30,30,30,30,30,30,30,30,30,30,30,30,24981,2741,24038,918,477,337,22623,788,1329,19754,241,3594,1087,2545,26086,1181,442,7848
BOOLY_Focus_IL1+INS_IKK_c08rD,,,,,1,,1,,,1,,,,,1,30,30,30,30,30,30,30,30,30,30,30,30,30,30,30,30,30,30,24006,5109,21914,381,176,194,16724,780,41,3399,163,1385,941,1987,3240,744,194,3997
BOOLY_Focus_IL1+INS_PI3K+MEK_c08rE,,,,,1,,1,,,1,,,1,1,,30,30,30,30,30,30,30,30,30,30,30,30,30,30,30,30,30,30,15981,2019,20511,593,224,241,11439,623,912,10967,185,3286,790,1505,26368,582,263,4813
BOOLY_Focus_IL1+INS_MEK+IKK_c08rF,,,,,1,,1,,,1,,,,1,1,30,30,30,30,30,30,30,30,30,30,30,30,30,30,30,30,30,30,23733,1209,21509,365,158,190,18744,596,35,4625,181,813,849,1934,14583,632,226,4207
BOOLY_Focus_IL1+INS_IKK+PI3K_c08rG,,,,,1,,1,,,1,,,1,,1,30,30,30,30,30,30,30,30,30,30,30,30,30,30,30,30,30,30,15201,3774,15139,329,139,147,7559,604,27,4014,155,887,901,1780,3063,524,177,3865
BOOLY_Focus_IL1+INS_PI3K+MEK+IKK_c08rH,,,,,1,,1,,,1,,,1,1,1,30,30,30,30,30,30,30,30,30,30,30,30,30,30,30,30,30,30,20146,1168,18040,417,144,198,10967,674,40,5538,210,758,1045,1930,22383,539,217,4289
BOOLY_Focus_IL6+INS_NOINH_c09rA,,,,,1,,,,1,1,,1,,,,30,30,30,30,30,30,30,30,30,30,30,30,30,30,30,30,30,30,23980,23193,20234,409,272,270,16975,1057,11161,8023,293,1498,716,2082,10203,1205,309,5863
BOOLY_Focus_IL6+INS_PI3K_c09rB,,,,,1,,,,1,1,,,1,,,30,30,30,30,30,30,30,30,30,30,30,30,30,30,30,30,30,30,22591,23093,22756,394,152,165,17227,972,12773,6190,261,2653,761,1918,9674,588,259,5176
BOOLY_Focus_IL6+INS_MEK_c09rB,,,,,1,,,,1,1,,,,1,,30,30,30,30,30,30,30,30,30,30,30,30,30,30,30,30,30,30,24057,3066,23338,497,199,246,16789,634,15522,13956,243,1518,614,1419,26759,505,445,4804
BOOLY_Focus_IL6+INS_IKK_c09rD,,,,,1,,,,1,1,,,,,1,30,30,30,30,30,30,30,30,30,30,30,30,30,30,30,30,30,30,23730,6445,23273,274,140,162,17844,800,52,3253,192,1385,755,1806,3940,883,210,4240
BOOLY_Focus_IL6+INS_PI3K+MEK_c09rE,,,,,1,,,,1,1,,,1,1,,30,30,30,30,30,30,30,30,30,30,30,30,30,30,30,30,30,30,19842,2443,21938,511,257,212,11208,573,16346,14166,206,2142,654,1506,26923,660,406,4927
BOOLY_Focus_IL6+INS_MEK+IKK_c09rF,,,,,1,,,,1,1,,,,1,1,30,30,30,30,30,30,30,30,30,30,30,30,30,30,30,30,30,30,24086,1228,23376,278,284,217,17587,605,61,4503,195,1361,919,2328,16900,1442,266,5304
BOOLY_Focus_IL6+INS_IKK+PI3K_c09rG,,,,,1,,,,1,1,,,1,,1,30,30,30,30,30,30,30,30,30,30,30,30,30,30,30,30,30,30,12524,5240,17013,238,173,135,7441,709,43,3826,137,1207,895,1944,3895,1190,210,4462
BOOLY_Focus_IL6+INS_PI3K+MEK+IKK_c09rH,,,,,1,,,,1,1,,,1,1,1,30,30,30,30,30,30,30,30,30,30,30,30,30,30,30,30,30,30,20239,1393,20413,327,184,233,9889,633,59,4658,182,1052,1082,1939,21137,1162,251,4434
BOOLY_Focus_TGFa+INS_NOINH_c10rA,,,,,1,,,1,,1,,1,,,,30,30,30,30,30,30,30,30,30,30,30,30,30,30,30,30,30,30,24360,26592,23367,775,513,552,19658,1642,479,23789,955,1553,829,3118,27385,1044,655,10151
BOOLY_Focus_TGFa+INS_PI3K_c10rB,,,,,1,,,1,,1,,,1,,,30,30,30,30,30,30,30,30,30,30,30,30,30,30,30,30,30,30,20483,25594,23065,627,397,295,18671,1341,450,22852,706,1657,510,2384,26730,526,440,7091
BOOLY_Focus_TGFa+INS_MEK_c10rB,,,,,1,,,1,,1,,,,1,,30,30,30,30,30,30,30,30,30,30,30,30,30,30,30,30,30,30,24589,8600,23621,784,626,424,23104,855,865,23837,440,2321,799,1774,27490,965,507,11426
BOOLY_Focus_TGFa+INS_IKK_c10rD,,,,,1,,,1,,1,,,,,1,30,30,30,30,30,30,30,30,30,30,30,30,30,30,30,30,30,30,24535,26430,23258,659,485,365,23577,2009,70,18255,1380,1920,1006,3367,27640,740,659,9055
BOOLY_Focus_TGFa+INS_PI3K+MEK_c10rE,,,,,1,,,1,,1,,,1,1,,30,30,30,30,30,30,30,30,30,30,30,30,30,30,30,30,30,30,17973,9588,18823,709,743,373,12629,834,840,23359,319,3236,900,1980,27321,1482,576,9011
BOOLY_Focus_TGFa+INS_MEK+IKK_c10rF,,,,,1,,,1,,1,,,,1,1,30,30,30,30,30,30,30,30,30,30,30,30,30,30,30,30,30,30,24045,5508,23264,475,636,411,22186,845,77,18418,310,2023,1175,2664,27508,1566,558,10882
BOOLY_Focus_TGFa+INS_IKK+PI3K_c10rG,,,,,1,,,1,,1,,,1,,1,30,30,30,30,30,30,30,30,30,30,30,30,30,30,30,30,30,30,18484,26238,20132,585,483,416,17383,1668,71,17504,1301,1977,951,3244,27582,1644,645,7984
BOOLY_Focus_TGFa+INS_PI3K+MEK+IKK_c10rH,,,,,1,,,1,,1,,,1,1,1,30,30,30,30,30,30,30,30,30,30,30,30,30,30,30,30,30,30,23348,6493,20084,516,354,355,12467,797,50,13969,300,1086,976,1563,27228,543,411,6925
BOOLY_Focus_TGFa+TNF_NOINH_c11rA,,,,,1,,,1,,,1,1,,,,30,30,30,30,30,30,30,30,30,30,30,30,30,30,30,30,30,30,23319,26465,18667,1063,2791,1277,20381,1577,322,25430,3818,1859,4564,4300,26793,1496,543,6973
BOOLY_Focus_TGFa+TNF_PI3K_c11rB,,,,,1,,,1,,,1,,1,,,30,30,30,30,30,30,30,30,30,30,30,30,30,30,30,30,30,30,10491,26824,20089,1649,3447,1223,21834,1552,300,25456,3479,2397,6734,4195,27070,932,519,7729
BOOLY_Focus_TGFa+TNF_MEK_c11rB,,,,,1,,,1,,,1,,,1,,30,30,30,30,30,30,30,30,30,30,30,30,30,30,30,30,30,30,24288,12753,23098,1220,3643,1258,23605,913,404,25218,2690,1502,9896,2819,27516,674,449,8292
BOOLY_Focus_TGFa+TNF_IKK_c11rD,,,,,1,,,1,,,1,,,,1,30,30,30,30,30,30,30,30,30,30,30,30,30,30,30,30,30,30,23522,26289,23220,1398,4043,1364,23642,1791,82,25127,3815,1907,6581,5328,27385,1423,691,7804
BOOLY_Focus_TGFa+TNF_PI3K+MEK_c11rE,,,,,1,,,1,,,1,,1,1,,30,30,30,30,30,30,30,30,30,30,30,30,30,30,30,30,30,30,8105,6233,12138,1431,3450,1353,14978,740,439,24778,2048,2911,8247,2922,27280,1439,475,7099
BOOLY_Focus_TGFa+TNF_MEK+IKK_c11rF,,,,,1,,,1,,,1,,,1,1,30,30,30,30,30,30,30,30,30,30,30,30,30,30,30,30,30,30,23910,6311,23175,1300,4332,1174,22996,807,59,24598,1984,1143,7199,3339,27546,672,430,8737
BOOLY_Focus_TGFa+TNF_IKK+PI3K_c11rG,,,,,1,,,1,,,1,,1,,1,30,30,30,30,30,30,30,30,30,30,30,30,30,30,30,30,30,30,2610,26291,14864,1669,4089,1202,20365,1756,67,25063,3665,1392,4904,4032,27707,559,594,6584
BOOLY_Focus_TGFa+TNF_PI3K+MEK+IKK_c11rH,,,,,1,,,1,,,1,,1,1,1,30,30,30,30,30,30,30,30,30,30,30,30,30,30,30,30,30,30,11367,5637,20337,3234,5072,1759,16788,672,51,25495,1570,856,5744,2781,27780,647,441,9038
BOOLY_Focus_DME_NOINH_c12rA,,,,,1,1,,,,,,1,,,,0,0,0,0,0,0,0,0,0,0,0,0,0,0,0,0,0,0,6705,11082,9002,374,117,183,5783,826,663,5581,145,1243,559,1076,4438,415,144,3152
BOOLY_Focus_DME_PI3K_c12rB,,,,,1,1,,,,,,,1,,,0,0,0,0,0,0,0,0,0,0,0,0,0,0,0,0,0,0,600,8948,4445,405,142,115,4936,788,752,7527,157,2239,678,1177,5107,378,196,3843
BOOLY_Focus_DME_MEK_c12rB,,,,,1,1,,,,,,,,1,,0,0,0,0,0,0,0,0,0,0,0,0,0,0,0,0,0,0,11455,2717,20911,733,394,237,11306,745,1569,20035,257,2886,1110,2317,25260,1507,343,7711
BOOLY_Focus_DME_IKK_c12rD,,,,,1,1,,,,,,,,,1,0,0,0,0,0,0,0,0,0,0,0,0,0,0,0,0,0,0,3530,3802,8025,289,99,138,5258,723,38,2986,163,1137,906,1713,3323,491,133,3790
BOOLY_Focus_DME_PI3K+MEK_c12rE,,,,,1,1,,,,,,,1,1,,0,0,0,0,0,0,0,0,0,0,0,0,0,0,0,0,0,0,626,1512,4775,401,252,173,3809,533,898,7244,158,3115,755,1349,24689,1038,224,4881
BOOLY_Focus_DME_MEK+IKK_c12rF,,,,,1,1,,,,,,,,1,1,0,0,0,0,0,0,0,0,0,0,0,0,0,0,0,0,0,0,2172,1067,7413,238,117,150,4808,430,39,3273,149,550,756,1288,11954,404,136,3145
BOOLY_Focus_DME_IKK+PI3K_c12rG,,,,,1,1,,,,,,,1,,1,0,0,0,0,0,0,0,0,0,0,0,0,0,0,0,0,0,0,614,5489,5383,227,136,124,5398,621,34,6140,161,899,928,1637,5555,543,139,4045
BOOLY_Focus_DME_PI3K+MEK+IKK_c12rH,,,,,1,1,,,,,,,1,1,1,0,0,0,0,0,0,0,0,0,0,0,0,0,0,0,0,0,0,557,1287,3873,273,118,117,4395,435,29,5432,148,647,819,1401,23301,345,175,3103
