ID:A,ID:B,ID:C,ID:D,TR:HepG2:CellLine,TR:PriHu:CellLine,TR:NOCYTO,TR:FASL,TR:IFNg,TR:TNFa,TR:IL1a,TR:IL6,TR:IGF1,TR:TGFa,TR:TGFb,TR:HGF,TR:LPS,TR:NOINHIB,TR:MEK12i,TR:p38i,TR:PI3Ki,TR:IKKi,TR:mTORi,TR:GSK3i,TR:JNK12i,DA:AKT,DA:erk12,DA:GSK3,DA:Ikb,DA:JNK12,DA:p38,DA:p70S6,DA:p90RSK,DA:STAT3,DA:cJUN,DA:CREB,DA:HistH3,DA:HSP27,DA:IRS1s,DA:MEK12,DA:p53,DA:STAT6,DA:BCA,DA:CASP37,DV:AKT,DV:erk12,DV:GSK3,DV:Ikb,DV:JNK12,DV:p38,DV:p70S6,DV:p90RSK,DV:STAT3,DV:cJUN,DV:CREB,DV:HistH3,DV:HSP27,DV:IRS1s,DV:MEK12,DV:p53,DV:STAT6,DV:BCA,DV:CASP37
0_point,0_point,02/19/07,0_time_point_for_1oHum_is_(30min+4hrs)/2_dmso_NoInh, ,1,1, , , , , , , , , , ,1, , , , , , , ,0,0,0,0,0,0,0,0,0,0,0,0,0,0,0,0,0,0,0,5578,275,1123,435,154,173,3845,220,29,17897,640,231,6923,671,1913,154,25,255,265
0_point,0_point,02/19/07,0_time_point_for_1oHum_is_(30min+4hrs)/2_dmso_MEKi, ,1,1, , , , , , , , , , , ,1, , , , , , ,0,0,0,0,0,0,0,0,0,0,0,0,0,0,0,0,0,0,0,4544,89,905,269,122,140,3204,90,27,16125,545,204,6478,564,16244,162,12,255,270
0_point,0_point,02/19/07,0_time_point_for_1oHum_is_(30min+4hrs)/2_dmso_p38i, ,1,1, , , , , , , , , , , , ,1, , , , , ,0,0,0,0,0,0,0,0,0,0,0,0,0,0,0,0,0,0,0,5108,240,945,318,114,73,2917,202,35,15779,501,210,1531,533,2079,154,21,255,331
0_point,0_point,02/19/07,0_time_point_for_1oHum_is_(30min+4hrs)/2_dmso_PI3Ki, ,1,1, , , , , , , , , , , , , ,1, , , , ,0,0,0,0,0,0,0,0,0,0,0,0,0,0,0,0,0,0,0,2796,212,601,320,159,118,1576,165,27,14875,483,210,5998,452,1799,125,23,255,300
0_point,0_point,02/19/07,0_time_point_for_1oHum_is_(30min+4hrs)/2_dmso_IKKi, ,1,1, , , , , , , , , , , , , , ,1, , , ,0,0,0,0,0,0,0,0,0,0,0,0,0,0,0,0,0,0,0,4409,266,931,85,235,316,4844,196,19,14886,745,175,17447,951,1369,154,23,255,326
0_point,0_point,02/19/07,0_time_point_for_1oHum_is_(30min+4hrs)/2_dmso_mTOR, ,1,1, , , , , , , , , , , , , , , ,1, , ,0,0,0,0,0,0,0,0,0,0,0,0,0,0,0,0,0,0,0,4269,256,1101,244,117,113,1205,153,27,13595,510,182,4938,521,1903,122,26,255,336
0_point,0_point,02/19/07,0_time_point_for_1oHum_is_(30min+4hrs)/2_dmso_GSK3i, ,1,1, , , , , , , , , , , , , , , , ,1, ,0,0,0,0,0,0,0,0,0,0,0,0,0,0,0,0,0,0,0,4215,280,1020,360,113,129,3027,194,35,15694,635,200,6191,662,1956,148,30,255,296
0_point,0_point,02/19/07,0_time_point_for_1oHum_is_(30min+4hrs)/2_dmso_JNKi, ,1,1, , , , , , , , , , , , , , , , , ,1,0,0,0,0,0,0,0,0,0,0,0,0,0,0,0,0,0,0,0,3336,78,384,236,122,175,128,79,16,9515,538,131,8616,234,835,103,10,255,304
X1,A1,02/19/07,1oHum_30min_X01_Col01rA_DMSO_NoInh, ,1,1, , , , , , , , , , ,1, , , , , , , ,30,30,30,30,30,30,30,30,30,30,30,30,30,30,30,30,30,30,30,7100,189,950,499,209,161,4522,263,31,18377,613,270,7798,667,1868,183,44,254.7,265
X2,B1,02/19/07,1oHum_30min_X02_Col01rB_DMSO_MEKi, ,1,1, , , , , , , , , , , ,1, , , , , , ,30,30,30,30,30,30,30,30,30,30,30,30,30,30,30,30,30,30,30,5942,39,517,315,165,133,4149,86,31,16591,604,246,6253,532,18005,223,24,262.3,270
X3,C1,02/19/07,1oHum_30min_X03_Col01rC_DMSO_p38i, ,1,1, , , , , , , , , , , , ,1, , , , , ,30,30,30,30,30,30,30,30,30,30,30,30,30,30,30,30,30,30,30,6296,136,541,391,147,76,3616,217,46,17492,588,246,1785,559,1921,187,43,263.1,331
X4,D1,02/19/07,1oHum_30min_X04_Col01rD_DMSO_PI3Ki, ,1,1, , , , , , , , , , , , , ,1, , , , ,30,30,30,30,30,30,30,30,30,30,30,30,30,30,30,30,30,30,30,4011,107,549,505,216,119,2166,222,35,17468,596,269,7190,419,1937,167,34,275.3,300
X5,E1,02/19/07,1oHum_30min_X05_Col01rE_DMSO_IKKi, ,1,1, , , , , , , , , , , , , , ,1, , , ,30,30,30,30,30,30,30,30,30,30,30,30,30,30,30,30,30,30,30,6862,141,804,144,319,265,6289,238,23,16719,799,206,16674,961,1436,198,35,279.5,326
X6,F1,02/19/07,1oHum_30min_X06_Col01rF_DMSO_mTOR, ,1,1, , , , , , , , , , , , , , , ,1, , ,30,30,30,30,30,30,30,30,30,30,30,30,30,30,30,30,30,30,30,6402,160,957,310,185,101,1612,184,29,15455,575,208,5302,530,2049,160,36,220.8,336
X7,G1,02/19/07,1oHum_30min_X07_Col01rG_DMSO_GSK3, ,1,1, , , , , , , , , , , , , , , , ,1, ,30,30,30,30,30,30,30,30,30,30,30,30,30,30,30,30,30,30,30,5485,193,720,440,172,126,3616,218,47,16525,662,254,6306,691,1954,191,34,240.8,296
X8,H1,02/19/07,1oHum_30min_X08_Col01rH_DMSO_JNKi, ,1,1, , , , , , , , , , , , , , , , , ,1,30,30,30,30,30,30,30,30,30,30,30,30,30,30,30,30,30,30,30,4720,58,340,375,220,189,255,129,22,11058,671,175,10036,267,1008,126,20,243.3,304
X9,A2,02/19/07,1oHum_30min_X09_Col02rA_FASL_NoInh, ,1, ,1, , , , , , , , , ,1, , , , , , , ,30,30,30,30,30,30,30,30,30,30,30,30,30,30,30,30,30,30,30,4551,239,788,411,255,141,3814,228,32,16657,614,209,7378,577,1780,139,47,170.3,324
X10,B2,02/19/07,1oHum_30min_X10_Col02rB_FASL_MEKi, ,1, ,1, , , , , , , , , , ,1, , , , , , ,30,30,30,30,30,30,30,30,30,30,30,30,30,30,30,30,30,30,30,3799,106,1085,357,208,98,3069,127,34,15612,561,182,5990,531,17723,172,63,186.5,356
X11,C2,02/19/07,1oHum_30min_X11_Col02rC_FASL_p38i, ,1, ,1, , , , , , , , , , , ,1, , , , , ,30,30,30,30,30,30,30,30,30,30,30,30,30,30,30,30,30,30,30,4577,165,909,448,179,70,3218,207,42,16069,526,212,1828,542,2051,230,69,188.5,296
X12,D2,02/19/07,1oHum_30min_X12_Col02rD_FASL_PI3Ki, ,1, ,1, , , , , , , , , , , , ,1, , , , ,30,30,30,30,30,30,30,30,30,30,30,30,30,30,30,30,30,30,30,2878,187,525,540,260,127,2632,183,33,16055,642,258,6126,452,2368,198,57,216.9,391
X13,E2,02/19/07,1oHum_30min_X13_Col02rE_FASL_IKKi, ,1, ,1, , , , , , , , , , , , , ,1, , , ,30,30,30,30,30,30,30,30,30,30,30,30,30,30,30,30,30,30,30,5671,240,944,142,421,282,6680,226,29,18524,884,246,16336,1100,1904,249,51,201.4,309
X14,F2,02/19/07,1oHum_30min_X14_Col02rF_FASL_mTOR, ,1, ,1, , , , , , , , , , , , , , ,1, , ,30,30,30,30,30,30,30,30,30,30,30,30,30,30,30,30,30,30,30,7848,139,1070,362,187,109,1935,225,27,15990,629,205,5566,598,2125,185,52,216.1,365
X15,G2,02/19/07,1oHum_30min_X15_Col02rG_FASL_GSK3, ,1, ,1, , , , , , , , , , , , , , , ,1, ,30,30,30,30,30,30,30,30,30,30,30,30,30,30,30,30,30,30,30,5689,124,859,499,259,122,4576,240,29,17569,690,270,5354,642,2281,222,60,224.8,322
X16,H2,02/19/07,1oHum_30min_X16_Col02rH_FASL_JNKi, ,1, ,1, , , , , , , , , , , , , , , , ,1,30,30,30,30,30,30,30,30,30,30,30,30,30,30,30,30,30,30,30,5914,130,448,448,258,192,1069,177,22,12376,828,264,10880,348,1174,213,29,249.3,319
X17,A3,02/19/07,1oHum_30min_X17_Col03rA_INFg_NoInh, ,1, , ,1, , , , , , , , ,1, , , , , , , ,30,30,30,30,30,30,30,30,30,30,30,30,30,30,30,30,30,30,30,5317,280,1130,417,175,133,3567,275,34,15991,600,254,7423,630,1938,164,48,174.6,293
X18,B3,02/19/07,1oHum_30min_X18_Col03rB_INFg_MEKi, ,1, , ,1, , , , , , , , , ,1, , , , , , ,30,30,30,30,30,30,30,30,30,30,30,30,30,30,30,30,30,30,30,3632,174,1134,422,225,139,2409,122,37,15375,557,234,6285,515,15789,138,56,178.5,272
X19,C3,02/19/07,1oHum_30min_X19_Col03rC_INFg_p38i, ,1, , ,1, , , , , , , , , , ,1, , , , , ,30,30,30,30,30,30,30,30,30,30,30,30,30,30,30,30,30,30,30,4227,206,1004,420,192,79,3302,206,50,15650,550,194,2097,600,2413,214,69,200.6,294
X20,D3,02/19/07,1oHum_30min_X20_Col03rD_INFg_PI3Ki, ,1, , ,1, , , , , , , , , , , ,1, , , , ,30,30,30,30,30,30,30,30,30,30,30,30,30,30,30,30,30,30,30,2981,115,769,402,246,96,3041,169,53,15108,569,211,5776,506,2313,246,42,195.3,363
X21,E3,02/19/07,1oHum_30min_X21_Col03rE_INFg_IKKi, ,1, , ,1, , , , , , , , , , , , ,1, , , ,30,30,30,30,30,30,30,30,30,30,30,30,30,30,30,30,30,30,30,4268,261,888,133,349,243,5325,160,42,16917,732,210,13816,969,1713,231,57,194.5,415
X22,F3,02/19/07,1oHum_30min_X22_Col03rF_INFg_mTOR, ,1, , ,1, , , , , , , , , , , , , ,1, , ,30,30,30,30,30,30,30,30,30,30,30,30,30,30,30,30,30,30,30,7711,219,1188,363,253,90,2570,238,79,16279,590,267,5104,674,2580,211,59,206.7,283
X23,G3,02/19/07,1oHum_30min_X23_Col03rG_INFg_GSK3, ,1, , ,1, , , , , , , , , , , , , , ,1, ,30,30,30,30,30,30,30,30,30,30,30,30,30,30,30,30,30,30,30,3632,128,670,322,184,82,4086,182,80,15476,531,175,5121,570,2084,178,40,200.6,296
X24,H3,02/19/07,1oHum_30min_X24_Col03rH_INFg_JNKi, ,1, , ,1, , , , , , , , , , , , , , , ,1,30,30,30,30,30,30,30,30,30,30,30,30,30,30,30,30,30,30,30,3241,102,383,449,176,144,327,100,28,10552,699,178,8083,306,1020,174,41,227.7,420
X25,A4,02/19/07,1oHum_30min_X25_Col04rA_TNFa_NoInh, ,1, , , ,1, , , , , , , ,1, , , , , , , ,30,30,30,30,30,30,30,30,30,30,30,30,30,30,30,30,30,30,30,10549,324,1611,1393,340,402,8392,441,26,20152,1013,269,23120,1203,3710,331,36,222.3,292
X26,B4,02/19/07,1oHum_30min_X26_Col04rB_TNFa_MEKi, ,1, , , ,1, , , , , , , , ,1, , , , , , ,30,30,30,30,30,30,30,30,30,30,30,30,30,30,30,30,30,30,30,6671,78,1519,1174,496,274,7769,187,67,18647,988,267,22700,1156,15436,404,69,209.9,241
X27,C4,02/19/07,1oHum_30min_X27_Col04rC_TNFa_p38i, ,1, , , ,1, , , , , , , , , ,1, , , , , ,30,30,30,30,30,30,30,30,30,30,30,30,30,30,30,30,30,30,30,5791,94,798,1053,336,124,5853,289,30,18732,720,235,2525,1100,2859,311,11,208.7,334
X28,D4,02/19/07,1oHum_30min_X28_Col04rD_TNFa_PI3Ki, ,1, , , ,1, , , , , , , , , , ,1, , , , ,30,30,30,30,30,30,30,30,30,30,30,30,30,30,30,30,30,30,30,3861,207,773,1069,363,223,5093,242,30,18368,955,240,20449,854,3006,319,56,214.9,319
X29,E4,02/19/07,1oHum_30min_X29_Col04rE_TNFa_IKKi, ,1, , , ,1, , , , , , , , , , , ,1, , , ,30,30,30,30,30,30,30,30,30,30,30,30,30,30,30,30,30,30,30,9187,372,1319,885,720,516,9475,285,26,19577,1229,218,24145,1518,2317,299,61,212.4,412
X30,F4,02/19/07,1oHum_30min_X30_Col04rF_TNFa_mTOR, ,1, , , ,1, , , , , , , , , , , , ,1, , ,30,30,30,30,30,30,30,30,30,30,30,30,30,30,30,30,30,30,30,9772,226,1322,1067,367,214,5351,329,29,18123,1003,205,19808,1013,3508,303,61,212.8,291
X31,G4,02/19/07,1oHum_30min_X31_Col04rG_TNFa_GSK3, ,1, , , ,1, , , , , , , , , , , , , ,1, ,30,30,30,30,30,30,30,30,30,30,30,30,30,30,30,30,30,30,30,7388,196,1077,945,338,202,5540,192,19,15548,797,226,18457,1146,2699,185,27,198.9,314
X32,H4,02/19/07,1oHum_30min_X32_Col04rH_TNFa_JNKi, ,1, , , ,1, , , , , , , , , , , , , , ,1,30,30,30,30,30,30,30,30,30,30,30,30,30,30,30,30,30,30,30,7176,125,638,940,333,320,2810,147,24,13948,899,215,23469,625,1703,213,22,252.7,289
X33,A5,02/19/07,1oHum_30min_X33_Col05rA_IL1a_NoInh, ,1, , , , ,1, , , , , , ,1, , , , , , , ,30,30,30,30,30,30,30,30,30,30,30,30,30,30,30,30,30,30,30,15914,539,1627,1576,758,978,11148,640,22,21727,1179,334,24484,2377,6481,310,72,207.9,302
X34,B5,02/19/07,1oHum_30min_X34_Col05rB_IL1a_MEKi, ,1, , , , ,1, , , , , , , ,1, , , , , , ,30,30,30,30,30,30,30,30,30,30,30,30,30,30,30,30,30,30,30,13793,104,2284,2290,875,676,11622,238,29,22455,1362,336,24087,1993,13740,478,60,248.8,369
X35,C5,02/19/07,1oHum_30min_X35_Col05rC_IL1a_p38i, ,1, , , , ,1, , , , , , , , ,1, , , , , ,30,30,30,30,30,30,30,30,30,30,30,30,30,30,30,30,30,30,30,15148,486,1159,1353,789,343,9990,633,31,19427,1159,353,11012,2365,6236,399,46,266.5,301
X36,D5,02/19/07,1oHum_30min_X36_Col05rD_IL1a_PI3Ki, ,1, , , , ,1, , , , , , , , , ,1, , , , ,30,30,30,30,30,30,30,30,30,30,30,30,30,30,30,30,30,30,30,6702,851,2190,2306,811,606,10241,681,30,21411,1607,376,24087,2018,6817,485,21,273.9,333
X37,E5,02/19/07,1oHum_30min_X37_Col05rE_IL1a_IKKi, ,1, , , , ,1, , , , , , , , , , ,1, , , ,30,30,30,30,30,30,30,30,30,30,30,30,30,30,30,30,30,30,30,8596,445,1640,448,858,567,8164,277,17,17536,1069,195,23698,1583,3145,274,32,181.7,402
X38,F5,02/19/07,1oHum_30min_X38_Col05rF_IL1a_mTOR, ,1, , , , ,1, , , , , , , , , , , ,1, , ,30,30,30,30,30,30,30,30,30,30,30,30,30,30,30,30,30,30,30,16140,517,1841,1509,634,415,8129,462,22,18292,1400,260,24194,1890,6274,366,74,224,392
X39,G5,02/19/07,1oHum_30min_X39_Col05rG_IL1a_GSK3, ,1, , , , ,1, , , , , , , , , , , , ,1, ,30,30,30,30,30,30,30,30,30,30,30,30,30,30,30,30,30,30,30,14308,417,1732,1865,684,422,10178,498,36,20050,1484,230,24894,2004,5620,324,48,238.7,308
X40,H5,02/19/07,1oHum_30min_X40_Col05rH_IL1a_JNKi, ,1, , , , ,1, , , , , , , , , , , , , ,1,30,30,30,30,30,30,30,30,30,30,30,30,30,30,30,30,30,30,30,12683,338,768,1391,545,470,5565,410,18,16969,1341,308,23715,1340,3263,347,25,276.5,336
X41,A6,02/19/07,1oHum_30min_X41_Col06rA_IL06_NoInh, ,1, , , , , ,1, , , , , ,1, , , , , , , ,30,30,30,30,30,30,30,30,30,30,30,30,30,30,30,30,30,30,30,10260,2034,2583,558,263,407,9231,756,5366,18665,1031,328,13369,1793,8671,199,129,250.6,344
X42,B6,02/19/07,1oHum_30min_X42_Col06rB_IL06_MEKi, ,1, , , , , ,1, , , , , , ,1, , , , , , ,30,30,30,30,30,30,30,30,30,30,30,30,30,30,30,30,30,30,30,11471,108,1319,537,320,160,5824,162,5470,18953,683,268,8167,749,20701,202,141,284.9,286
X43,C6,02/19/07,1oHum_30min_X43_Col06rC_IL06_p38i, ,1, , , , , ,1, , , , , , , ,1, , , , , ,30,30,30,30,30,30,30,30,30,30,30,30,30,30,30,30,30,30,30,10619,948,1546,676,284,135,9248,789,5003,19698,767,333,2072,1422,8305,244,164,274.8,326
X44,D6,02/19/07,1oHum_30min_X44_Col06rD_IL06_PI3Ki, ,1, , , , , ,1, , , , , , , , ,1, , , , ,30,30,30,30,30,30,30,30,30,30,30,30,30,30,30,30,30,30,30,3092,727,845,454,260,199,3497,407,4221,17914,675,212,9082,710,5964,181,115,232.8,301
X45,E6,02/19/07,1oHum_30min_X45_Col06rE_IL06_IKKi, ,1, , , , , ,1, , , , , , , , , ,1, , , ,30,30,30,30,30,30,30,30,30,30,30,30,30,30,30,30,30,30,30,8774,1661,2005,161,364,342,8159,646,5375,18424,1108,236,21370,1536,6407,237,77,221.1,394
X46,F6,02/19/07,1oHum_30min_X46_Col06rF_IL06_mTOR, ,1, , , , , ,1, , , , , , , , , , ,1, , ,30,30,30,30,30,30,30,30,30,30,30,30,30,30,30,30,30,30,30,11441,1108,1630,311,240,172,5387,611,4137,16412,921,204,10704,1270,8445,191,104,212.4,354
X47,G6,02/19/07,1oHum_30min_X47_Col06rG_IL06_GSK3, ,1, , , , , ,1, , , , , , , , , , , ,1, ,30,30,30,30,30,30,30,30,30,30,30,30,30,30,30,30,30,30,30,9197,1103,1267,483,216,232,6528,415,4078,18830,944,229,9982,1374,7476,198,83,190.5,341
X48,H6,02/19/07,1oHum_30min_X48_Col06rH_IL06_JNKi, ,1, , , , , ,1, , , , , , , , , , , , ,1,30,30,30,30,30,30,30,30,30,30,30,30,30,30,30,30,30,30,30,4239,238,514,368,208,167,1678,232,5191,12519,664,179,8241,462,1695,198,41,233.2,325
X49,A7,02/19/07,1oHum_30min_X49_Col07rA_IGF1_NoInh, ,1, , , , , , ,1, , , , ,1, , , , , , , ,30,30,30,30,30,30,30,30,30,30,30,30,30,30,30,30,30,30,30,6983,266,935,443,196,195,5450,209,20,17961,614,268,6471,799,2239,202,37,273,354
X50,B7,02/19/07,1oHum_30min_X50_Col07rB_IGF1_MEKi, ,1, , , , , , ,1, , , , , ,1, , , , , , ,30,30,30,30,30,30,30,30,30,30,30,30,30,30,30,30,30,30,30,12284,78,1039,530,235,190,5604,141,33,18627,688,283,6590,632,17518,200,39,302.2,260
X51,C7,02/19/07,1oHum_30min_X51_Col07rC_IGF1_p38i, ,1, , , , , , ,1, , , , , , ,1, , , , , ,30,30,30,30,30,30,30,30,30,30,30,30,30,30,30,30,30,30,30,8382,122,717,523,168,80,4297,194,42,17574,651,294,1953,575,2189,203,36,274.3,315
X52,D7,02/19/07,1oHum_30min_X52_Col07rD_IGF1_PI3Ki, ,1, , , , , , ,1, , , , , , , ,1, , , , ,30,30,30,30,30,30,30,30,30,30,30,30,30,30,30,30,30,30,30,4732,159,737,481,161,135,3084,212,39,17540,751,272,6279,468,2242,219,26,263.9,349
X53,E7,02/19/07,1oHum_30min_X53_Col07rE_IGF1_IKKi, ,1, , , , , , ,1, , , , , , , , ,1, , , ,30,30,30,30,30,30,30,30,30,30,30,30,30,30,30,30,30,30,30,6918,144,871,106,285,201,5809,174,26,18366,803,204,14318,827,1742,174,35,219,395
X54,F7,02/19/07,1oHum_30min_X54_Col07rF_IGF1_mTOR, ,1, , , , , , ,1, , , , , , , , , ,1, , ,30,30,30,30,30,30,30,30,30,30,30,30,30,30,30,30,30,30,30,10532,151,1189,355,198,80,1496,191,25,15031,600,218,4320,576,2047,174,41,198.1,268
X55,G7,02/19/07,1oHum_30min_X55_Col07rG_IGF1_GSK3, ,1, , , , , , ,1, , , , , , , , , , ,1, ,30,30,30,30,30,30,30,30,30,30,30,30,30,30,30,30,30,30,30,6269,151,973,379,192,74,4897,175,33,16574,584,204,4751,758,2224,166,48,181.7,261
X56,H7,02/19/07,1oHum_30min_X56_Col07rH_IGF1_JNKi, ,1, , , , , , ,1, , , , , , , , , , , ,1,30,30,30,30,30,30,30,30,30,30,30,30,30,30,30,30,30,30,30,6315,55,452,264,153,91,785,145,22,10643,687,154,5483,228,899,129,28,244.6,278
X57,A8,02/19/07,1oHum_30min_X57_Col08rA_TGFa_NoInh, ,1, , , , , , , ,1, , , ,1, , , , , , , ,30,30,30,30,30,30,30,30,30,30,30,30,30,30,30,30,30,30,30,19575,2753,3484,574,493,633,17209,1369,35,20764,1209,604,23412,2955,24543,291,51,271.3,300
X58,B8,02/19/07,1oHum_30min_X58_Col08rB_TGFa_MEKi, ,1, , , , , , , ,1, , , , ,1, , , , , , ,30,30,30,30,30,30,30,30,30,30,30,30,30,30,30,30,30,30,30,20756,725,2622,458,323,402,14347,656,46,22174,1114,384,15845,2165,25214,307,68,308.5,302
X59,C8,02/19/07,1oHum_30min_X59_Col08rC_TGFa_p38i, ,1, , , , , , , ,1, , , , , ,1, , , , , ,30,30,30,30,30,30,30,30,30,30,30,30,30,30,30,30,30,30,30,14705,3846,3235,719,508,258,16077,2205,30,23143,1293,490,2746,3843,23612,446,52,295.5,412
X60,D8,02/19/07,1oHum_30min_X60_Col08rD_TGFa_PI3Ki, ,1, , , , , , , ,1, , , , , , ,1, , , , ,30,30,30,30,30,30,30,30,30,30,30,30,30,30,30,30,30,30,30,5053,4406,3525,600,386,353,11129,1688,38,20773,1515,384,20845,2490,23076,334,28,249.7,353
X61,E8,02/19/07,1oHum_30min_X61_Col08rE_TGFa_IKKi, ,1, , , , , , , ,1, , , , , , , ,1, , , ,30,30,30,30,30,30,30,30,30,30,30,30,30,30,30,30,30,30,30,12208,5473,3361,134,489,383,12896,1348,16,18846,1575,238,23370,2607,21393,279,27,221.1,377
X62,F8,02/19/07,1oHum_30min_X62_Col08rF_TGFa_mTOR, ,1, , , , , , , ,1, , , , , , , , ,1, , ,30,30,30,30,30,30,30,30,30,30,30,30,30,30,30,30,30,30,30,14491,3339,2886,392,430,285,9534,1374,24,18834,1269,341,19842,2848,23728,318,48,190.1,308
X63,G8,02/19/07,1oHum_30min_X63_Col08rG_TGFa_GSK3, ,1, , , , , , , ,1, , , , , , , , , ,1, ,30,30,30,30,30,30,30,30,30,30,30,30,30,30,30,30,30,30,30,10984,3228,2893,394,395,299,11616,1341,26,19775,1336,287,18933,2757,23748,286,56,182.5,311
X64,H8,02/19/07,1oHum_30min_X64_Col08rH_TGFa_JNKi, ,1, , , , , , , ,1, , , , , , , , , , ,1,30,30,30,30,30,30,30,30,30,30,30,30,30,30,30,30,30,30,30,6983,4037,1738,331,122,326,8021,799,12,12677,1002,233,15391,1700,22613,196,0,251.8,264
X65,A9,02/19/07,1oHum_30min_X65_Col09rA_TGFb_NoInh, ,1, , , , , , , , ,1, , ,1, , , , , , , ,30,30,30,30,30,30,30,30,30,30,30,30,30,30,30,30,30,30,30,8578,157,1072,530,253,226,5175,274,25,16927,485,387,7151,617,2327,131,26,263,324
X66,B9,02/19/07,1oHum_30min_X66_Col09rB_TGFb_MEKi, ,1, , , , , , , , ,1, , , ,1, , , , , , ,30,30,30,30,30,30,30,30,30,30,30,30,30,30,30,30,30,30,30,8174,38,1096,477,276,140,4934,104,37,18348,594,281,6457,623,16858,242,8,291.1,288
X67,C9,02/19/07,1oHum_30min_X67_Col09rC_TGFb_p38i, ,1, , , , , , , , ,1, , , , ,1, , , , , ,30,30,30,30,30,30,30,30,30,30,30,30,30,30,30,30,30,30,30,6672,101,448,320,151,80,4068,89,31,17817,412,293,2201,581,2147,236,13,281.8,245
X68,D9,02/19/07,1oHum_30min_X68_Col09rD_TGFb_PI3Ki, ,1, , , , , , , , ,1, , , , , ,1, , , , ,30,30,30,30,30,30,30,30,30,30,30,30,30,30,30,30,30,30,30,5205,228,886,593,227,133,3631,268,38,18538,760,255,7169,559,2564,201,57,274.3,349
X69,E9,02/19/07,1oHum_30min_X69_Col09rE_TGFb_IKKi, ,1, , , , , , , , ,1, , , , , , ,1, , , ,30,30,30,30,30,30,30,30,30,30,30,30,30,30,30,30,30,30,30,6143,171,888,174,407,200,6740,228,38,19141,801,258,18839,938,1693,232,30,235.7,320
X70,F9,02/19/07,1oHum_30min_X70_Col09rF_TGFb_mTOR, ,1, , , , , , , , ,1, , , , , , , ,1, , ,30,30,30,30,30,30,30,30,30,30,30,30,30,30,30,30,30,30,30,8246,103,802,308,139,110,2089,168,18,16199,590,222,5678,615,2084,164,46,235.3,281
X71,G9,02/19/07,1oHum_30min_X71_Col09rG_TGFb_GSK3, ,1, , , , , , , , ,1, , , , , , , , ,1, ,30,30,30,30,30,30,30,30,30,30,30,30,30,30,30,30,30,30,30,5313,71,635,373,157,62,3833,210,23,15316,581,162,4433,596,1937,146,48,189.3,283
X72,H9,02/19/07,1oHum_30min_X72_Col09rH_TGFb_JNKi, ,1, , , , , , , , ,1, , , , , , , , , ,1,30,30,30,30,30,30,30,30,30,30,30,30,30,30,30,30,30,30,30,5466,61,371,371,125,103,622,124,23,10725,594,169,6779,225,939,130,12,221.9,278
X73,A10,02/19/07,1oHum_30min_X73_Col10rA_HGF__NoInh, ,1, , , , , , , , , ,1, ,1, , , , , , , ,30,30,30,30,30,30,30,30,30,30,30,30,30,30,30,30,30,30,30,7097,168,608,467,178,142,5367,199,44,18711,676,322,6674,683,2144,208,53,268.7,279
X74,B10,02/19/07,1oHum_30min_X74_Col10rB_HGF__MEKi, ,1, , , , , , , , , ,1, , ,1, , , , , , ,30,30,30,30,30,30,30,30,30,30,30,30,30,30,30,30,30,30,30,9345,74,1384,521,274,171,4911,164,38,19613,841,391,6132,719,15421,246,44,305.3,282
X75,C10,02/19/07,1oHum_30min_X75_Col10rC_HGF__p38i, ,1, , , , , , , , , ,1, , , ,1, , , , , ,30,30,30,30,30,30,30,30,30,30,30,30,30,30,30,30,30,30,30,8105,117,679,484,135,80,4146,295,33,19175,632,280,2290,590,2367,179,25,318.9,288
X76,D10,02/19/07,1oHum_30min_X76_Col10rD_HGF__PI3Ki, ,1, , , , , , , , , ,1, , , , ,1, , , , ,30,30,30,30,30,30,30,30,30,30,30,30,30,30,30,30,30,30,30,4983,252,887,454,195,172,3121,284,38,17360,733,210,6054,594,2493,244,24,272.1,336
X77,E10,02/19/07,1oHum_30min_X77_Col10rE_HGF__IKKi, ,1, , , , , , , , , ,1, , , , , ,1, , , ,30,30,30,30,30,30,30,30,30,30,30,30,30,30,30,30,30,30,30,7830,207,883,180,381,221,6980,248,41,20990,857,280,18028,1112,1623,262,23,251.8,402
X78,F10,02/19/07,1oHum_30min_X78_Col10rF_HGF__mTOR, ,1, , , , , , , , , ,1, , , , , , ,1, , ,30,30,30,30,30,30,30,30,30,30,30,30,30,30,30,30,30,30,30,8868,171,1252,392,227,103,3122,287,32,16826,646,249,6142,819,2298,249,47,215.3,306
X79,G10,02/19/07,1oHum_30min_X79_Col10rG_HGF__GSK3, ,1, , , , , , , , , ,1, , , , , , , ,1, ,30,30,30,30,30,30,30,30,30,30,30,30,30,30,30,30,30,30,30,3813,133,641,243,181,81,3767,160,16,15666,520,176,5298,590,1800,126,25,213.2,280
X80,H10,02/19/07,1oHum_30min_X80_Col10rH_HGF__JNKi, ,1, , , , , , , , , ,1, , , , , , , , ,1,30,30,30,30,30,30,30,30,30,30,30,30,30,30,30,30,30,30,30,5483,153,480,310,161,121,1447,167,27,11096,584,180,6786,309,1007,180,0,243.3,304
X81,A11,02/19/07,1oHum_30min_X81_Col11rA_LPS__NoInh, ,1, , , , , , , , , , ,1,1, , , , , , , ,30,30,30,30,30,30,30,30,30,30,30,30,30,30,30,30,30,30,30,10737,449,1820,2565,319,516,7597,311,35,22287,1048,263,23247,977,3047,231,50,290.6,273
X82,B11,02/19/07,1oHum_30min_X82_Col11rB_LPS__MEKi, ,1, , , , , , , , , , ,1, ,1, , , , , , ,30,30,30,30,30,30,30,30,30,30,30,30,30,30,30,30,30,30,30,10990,78,1181,2198,485,472,8305,62,32,16785,554,424,23563,588,14976,99,42,291.1,258
X83,C11,02/19/07,1oHum_30min_X83_Col11rC_LPS__p38i, ,1, , , , , , , , , , ,1, , ,1, , , , , ,30,30,30,30,30,30,30,30,30,30,30,30,30,30,30,30,30,30,30,10278,214,801,2012,354,206,7339,324,34,22847,791,347,3429,1086,3143,231,48,322.5,291
X84,D11,02/19/07,1oHum_30min_X84_Col11rD_LPS__PI3Ki, ,1, , , , , , , , , , ,1, , , ,1, , , , ,30,30,30,30,30,30,30,30,30,30,30,30,30,30,30,30,30,30,30,6141,427,925,2709,439,547,5977,352,28,22747,1128,357,23809,894,4249,249,38,325.7,329
X85,E11,02/19/07,1oHum_30min_X85_Col11rE_LPS__IKKi, ,1, , , , , , , , , , ,1, , , , ,1, , , ,30,30,30,30,30,30,30,30,30,30,30,30,30,30,30,30,30,30,30,11782,306,1241,2072,688,609,10749,420,27,20434,1468,365,24133,1729,2199,257,54,275.2,422
X86,F11,02/19/07,1oHum_30min_X86_Col11rF_LPS__mTOR, ,1, , , , , , , , , , ,1, , , , , ,1, , ,30,30,30,30,30,30,30,30,30,30,30,30,30,30,30,30,30,30,30,10548,222,988,1950,384,408,5068,289,30,19005,952,269,23655,1058,3024,188,34,244.6,268
X87,G11,02/19/07,1oHum_30min_X87_Col11rG_LPS__GSK3, ,1, , , , , , , , , , ,1, , , , , , ,1, ,30,30,30,30,30,30,30,30,30,30,30,30,30,30,30,30,30,30,30,7246,219,1022,1604,382,277,6254,241,24,19162,874,215,23148,1114,2580,195,40,229,272
X88,H11,02/19/07,1oHum_30min_X88_Col11rH_LPS__JNKi, ,1, , , , , , , , , , ,1, , , , , , , ,1,30,30,30,30,30,30,30,30,30,30,30,30,30,30,30,30,30,30,30,5551,241,501,1264,188,214,1999,131,21,12811,629,175,21250,423,1340,128,16,266.9,350
X1,A1,02/19/07,1oHum_03hrs_X01_Col01rA_DMSO_NoInh, ,1,1, , , , , , , , , , ,1, , , , , , , ,180,180,180,180,180,180,180,180,180,180,180,180,180,180,180,180,180,180,180,4056,361,1296,370,98,184,3168,178,28,17417,666,192,6048,675,1958,125,5,233.7,265
X2,B1,02/19/07,1oHum_03hrs_X02_Col01rB_DMSO_MEKi, ,1,1, , , , , , , , , , , ,1, , , , , , ,180,180,180,180,180,180,180,180,180,180,180,180,180,180,180,180,180,180,180,3146,139,1293,222,78,147,2258,94,22,15659,485,162,6703,595,14483,101,0,177.6,270
X3,C1,02/19/07,1oHum_03hrs_X03_Col01rC_DMSO_p38i, ,1,1, , , , , , , , , , , , ,1, , , , , ,180,180,180,180,180,180,180,180,180,180,180,180,180,180,180,180,180,180,180,3921,345,1348,245,81,71,2219,187,24,14066,413,174,1277,506,2237,121,0,185.4,331
X4,D1,02/19/07,1oHum_03hrs_X04_Col01rD_DMSO_PI3Ki, ,1,1, , , , , , , , , , , , , ,1, , , , ,180,180,180,180,180,180,180,180,180,180,180,180,180,180,180,180,180,180,180,1581,317,652,135,101,116,986,107,18,12283,371,150,4805,486,1660,83,12,155.4,300
X5,E1,02/19/07,1oHum_03hrs_X05_Col01rE_DMSO_IKKi, ,1,1, , , , , , , , , , , , , , ,1, , , ,180,180,180,180,180,180,180,180,180,180,180,180,180,180,180,180,180,180,180,1955,390,1059,27,151,368,3398,154,15,13054,692,143,18220,941,1302,109,11,175.2,326
X6,F1,02/19/07,1oHum_03hrs_X06_Col01rF_DMSO_mTOR, ,1,1, , , , , , , , , , , , , , , ,1, , ,180,180,180,180,180,180,180,180,180,180,180,180,180,180,180,180,180,180,180,2137,352,1246,178,49,126,797,121,25,11734,445,155,4574,513,1758,85,16,176.9,336
X7,G1,02/19/07,1oHum_03hrs_X07_Col01rG_DMSO_GSK3, ,1,1, , , , , , , , , , , , , , , , ,1, ,180,180,180,180,180,180,180,180,180,180,180,180,180,180,180,180,180,180,180,2944,367,1320,280,54,133,2437,170,23,14862,608,146,6075,633,1958,105,26,200.4,296
X8,H1,02/19/07,1oHum_03hrs_X08_Col01rH_DMSO_JNKi, ,1,1, , , , , , , , , , , , , , , , , ,1,180,180,180,180,180,180,180,180,180,180,180,180,180,180,180,180,180,180,180,1953,98,428,98,23,160,0,29,10,7971,405,87,7195,201,661,79,0,234.4,304
X9,A2,02/19/07,1oHum_03hrs_X09_Col02rA_FASL_NoInh, ,1, ,1, , , , , , , , , ,1, , , , , , , ,180,180,180,180,180,180,180,180,180,180,180,180,180,180,180,180,180,180,180,1926,404,1450,329,107,148,2337,134,26,11346,316,191,4007,627,1681,116,15,195.7,324
X10,B2,02/19/07,1oHum_03hrs_X10_Col02rB_FASL_MEKi, ,1, ,1, , , , , , , , , , ,1, , , , , , ,180,180,180,180,180,180,180,180,180,180,180,180,180,180,180,180,180,180,180,2018,159,971,246,86,121,1812,85,24,11560,418,147,3993,549,12681,102,17,159.4,356
X11,C2,02/19/07,1oHum_03hrs_X11_Col02rC_FASL_p38i, ,1, ,1, , , , , , , , , , , ,1, , , , , ,180,180,180,180,180,180,180,180,180,180,180,180,180,180,180,180,180,180,180,1829,406,916,329,108,75,1874,134,30,13352,402,172,802,660,1792,102,31,163.3,296
X12,D2,02/19/07,1oHum_03hrs_X12_Col02rD_FASL_PI3Ki, ,1, ,1, , , , , , , , , , , , ,1, , , , ,180,180,180,180,180,180,180,180,180,180,180,180,180,180,180,180,180,180,180,1107,441,510,246,59,102,1218,133,21,11842,418,180,3145,520,1658,90,48,134,391
X13,E2,02/19/07,1oHum_03hrs_X13_Col02rE_FASL_IKKi, ,1, ,1, , , , , , , , , , , , , ,1, , , ,180,180,180,180,180,180,180,180,180,180,180,180,180,180,180,180,180,180,180,1611,577,1192,39,184,303,4024,193,15,9415,660,142,17245,881,1040,116,19,146.8,309
X14,F2,02/19/07,1oHum_03hrs_X14_Col02rF_FASL_mTOR, ,1, ,1, , , , , , , , , , , , , , ,1, , ,180,180,180,180,180,180,180,180,180,180,180,180,180,180,180,180,180,180,180,3090,633,1435,316,110,127,1686,161,27,12453,524,173,2846,588,2311,105,49,182.9,365
X15,G2,02/19/07,1oHum_03hrs_X15_Col02rG_FASL_GSK3, ,1, ,1, , , , , , , , , , , , , , , ,1, ,180,180,180,180,180,180,180,180,180,180,180,180,180,180,180,180,180,180,180,1842,530,823,305,45,128,1842,104,25,11302,458,165,2491,445,1504,82,13,184.9,322
X16,H2,02/19/07,1oHum_03hrs_X16_Col02rH_FASL_JNKi, ,1, ,1, , , , , , , , , , , , , , , , ,1,180,180,180,180,180,180,180,180,180,180,180,180,180,180,180,180,180,180,180,2595,219,643,330,51,200,56,103,20,6758,463,132,5363,281,922,76,18,212,319
X17,A3,02/19/07,1oHum_03hrs_X17_Col03rA_INFg_NoInh, ,1, , ,1, , , , , , , , ,1, , , , , , , ,180,180,180,180,180,180,180,180,180,180,180,180,180,180,180,180,180,180,180,2521,260,1484,250,104,161,3116,148,43,15155,556,201,6012,800,2124,118,38,165.6,293
X18,B3,02/19/07,1oHum_03hrs_X18_Col03rB_INFg_MEKi, ,1, , ,1, , , , , , , , , ,1, , , , , , ,180,180,180,180,180,180,180,180,180,180,180,180,180,180,180,180,180,180,180,1913,131,1041,175,129,144,2440,114,47,12034,414,185,5266,601,10560,96,38,160.9,272
X19,C3,02/19/07,1oHum_03hrs_X19_Col03rC_INFg_p38i, ,1, , ,1, , , , , , , , , , ,1, , , , , ,180,180,180,180,180,180,180,180,180,180,180,180,180,180,180,180,180,180,180,2023,324,1053,196,110,89,2095,164,60,14355,454,161,1295,692,2444,96,6,173.8,294
X20,D3,02/19/07,1oHum_03hrs_X20_Col03rD_INFg_PI3Ki, ,1, , ,1, , , , , , , , , , , ,1, , , , ,180,180,180,180,180,180,180,180,180,180,180,180,180,180,180,180,180,180,180,1455,280,743,211,106,138,2303,171,53,11619,419,181,5241,684,2103,101,31,150.2,363
X21,E3,02/19/07,1oHum_03hrs_X21_Col03rE_INFg_IKKi, ,1, , ,1, , , , , , , , , , , , ,1, , , ,180,180,180,180,180,180,180,180,180,180,180,180,180,180,180,180,180,180,180,1443,465,939,38,184,264,3760,167,53,10669,590,191,16193,867,1045,121,24,143.7,415
X22,F3,02/19/07,1oHum_03hrs_X22_Col03rF_INFg_mTOR, ,1, , ,1, , , , , , , , , , , , , ,1, , ,180,180,180,180,180,180,180,180,180,180,180,180,180,180,180,180,180,180,180,2018,380,1207,123,92,109,1759,147,49,10449,404,202,3276,651,1922,113,36,146.4,283
X23,G3,02/19/07,1oHum_03hrs_X23_Col03rG_INFg_GSK3, ,1, , ,1, , , , , , , , , , , , , , ,1, ,180,180,180,180,180,180,180,180,180,180,180,180,180,180,180,180,180,180,180,1695,355,967,251,93,102,2562,152,50,11969,498,171,4055,671,1778,99,17,224.8,296
X24,H3,02/19/07,1oHum_03hrs_X24_Col03rH_INFg_JNKi, ,1, , ,1, , , , , , , , , , , , , , , ,1,180,180,180,180,180,180,180,180,180,180,180,180,180,180,180,180,180,180,180,2766,220,571,205,93,236,199,96,28,8329,435,119,7213,348,1094,87,0,202.6,420
X25,A4,02/19/07,1oHum_03hrs_X25_Col04rA_TNFa_NoInh, ,1, , , ,1, , , , , , , ,1, , , , , , , ,180,180,180,180,180,180,180,180,180,180,180,180,180,180,180,180,180,180,180,5512,531,2092,1732,180,371,6505,296,36,20890,811,225,11565,1058,2708,289,36,260.4,292
X26,B4,02/19/07,1oHum_03hrs_X26_Col04rB_TNFa_MEKi, ,1, , , ,1, , , , , , , , ,1, , , , , , ,180,180,180,180,180,180,180,180,180,180,180,180,180,180,180,180,180,180,180,5689,214,1786,1397,224,304,5774,202,53,20494,763,206,11759,996,13851,266,73,259.6,241
X27,C4,02/19/07,1oHum_03hrs_X27_Col04rC_TNFa_p38i, ,1, , , ,1, , , , , , , , , ,1, , , , , ,180,180,180,180,180,180,180,180,180,180,180,180,180,180,180,180,180,180,180,4318,461,1669,1375,189,201,4936,247,45,18453,543,220,1795,897,2822,278,25,242.9,334
X28,D4,02/19/07,1oHum_03hrs_X28_Col04rD_TNFa_PI3Ki, ,1, , , ,1, , , , , , , , , , ,1, , , , ,180,180,180,180,180,180,180,180,180,180,180,180,180,180,180,180,180,180,180,2923,316,1171,1029,159,229,3735,216,33,16562,584,217,9639,871,2305,184,12,211.2,319
X29,E4,02/19/07,1oHum_03hrs_X29_Col04rE_TNFa_IKKi, ,1, , , ,1, , , , , , , , , , , ,1, , , ,180,180,180,180,180,180,180,180,180,180,180,180,180,180,180,180,180,180,180,5143,616,1631,311,249,575,6057,238,15,14873,752,184,23428,1306,1609,258,21,192.9,412
X30,F4,02/19/07,1oHum_03hrs_X30_Col04rF_TNFa_mTOR, ,1, , , ,1, , , , , , , , , , , , ,1, , ,180,180,180,180,180,180,180,180,180,180,180,180,180,180,180,180,180,180,180,3428,402,2194,877,124,211,2066,238,32,15425,498,194,6875,845,2189,209,24,201,291
X31,G4,02/19/07,1oHum_03hrs_X31_Col04rG_TNFa_GSK3, ,1, , , ,1, , , , , , , , , , , , , ,1, ,180,180,180,180,180,180,180,180,180,180,180,180,180,180,180,180,180,180,180,3109,468,1650,1209,104,231,4023,219,42,15768,722,158,8872,844,2151,199,5,224,314
X32,H4,02/19/07,1oHum_03hrs_X32_Col04rH_TNFa_JNKi, ,1, , , ,1, , , , , , , , , , , , , , ,1,180,180,180,180,180,180,180,180,180,180,180,180,180,180,180,180,180,180,180,2050,224,481,737,88,264,292,64,14,8417,457,114,6247,315,1010,108,0,209.9,289
X33,A5,02/19/07,1oHum_03hrs_X33_Col05rA_IL1a_NoInh, ,1, , , , ,1, , , , , , ,1, , , , , , , ,180,180,180,180,180,180,180,180,180,180,180,180,180,180,180,180,180,180,180,4998,314,2180,1474,103,317,7566,291,108,20306,779,226,16962,1232,3156,326,27,231.5,302
X34,B5,02/19/07,1oHum_03hrs_X34_Col05rB_IL1a_MEKi, ,1, , , , ,1, , , , , , , ,1, , , , , , ,180,180,180,180,180,180,180,180,180,180,180,180,180,180,180,180,180,180,180,8186,118,2456,1593,182,375,8158,178,225,22761,799,236,18537,1198,13684,365,51,263,369
X35,C5,02/19/07,1oHum_03hrs_X35_Col05rC_IL1a_p38i, ,1, , , , ,1, , , , , , , , ,1, , , , , ,180,180,180,180,180,180,180,180,180,180,180,180,180,180,180,180,180,180,180,6059,375,2353,1709,254,203,7766,405,168,22334,591,258,3149,1458,4389,462,19,271.7,301
X36,D5,02/19/07,1oHum_03hrs_X36_Col05rD_IL1a_PI3Ki, ,1, , , , ,1, , , , , , , , , ,1, , , , ,180,180,180,180,180,180,180,180,180,180,180,180,180,180,180,180,180,180,180,3798,240,1295,1154,195,334,5072,268,126,21387,771,258,17004,1091,3386,298,25,229,333
X37,E5,02/19/07,1oHum_03hrs_X37_Col05rE_IL1a_IKKi, ,1, , , , ,1, , , , , , , , , , ,1, , , ,180,180,180,180,180,180,180,180,180,180,180,180,180,180,180,180,180,180,180,3910,648,2051,972,378,816,7697,302,22,19352,599,205,23242,1809,1725,317,31,202.2,402
X38,F5,02/19/07,1oHum_03hrs_X38_Col05rF_IL1a_mTOR, ,1, , , , ,1, , , , , , , , , , , ,1, , ,180,180,180,180,180,180,180,180,180,180,180,180,180,180,180,180,180,180,180,3563,281,1961,1188,123,290,2324,190,84,18611,641,194,12957,988,2731,186,25,201.4,392
X39,G5,02/19/07,1oHum_03hrs_X39_Col05rG_IL1a_GSK3, ,1, , , , ,1, , , , , , , , , , , , ,1, ,180,180,180,180,180,180,180,180,180,180,180,180,180,180,180,180,180,180,180,3053,320,1884,1250,81,234,5190,229,65,19488,722,174,14297,1086,2348,186,1,209.1,308
X40,H5,02/19/07,1oHum_03hrs_X40_Col05rH_IL1a_JNKi, ,1, , , , ,1, , , , , , , , , , , , , ,1,180,180,180,180,180,180,180,180,180,180,180,180,180,180,180,180,180,180,180,1472,283,656,1485,76,221,471,134,27,13773,491,147,11698,503,1532,107,8,172.6,336
X41,A6,02/19/07,1oHum_03hrs_X41_Col06rA_IL06_NoInh, ,1, , , , , ,1, , , , , ,1, , , , , , , ,180,180,180,180,180,180,180,180,180,180,180,180,180,180,180,180,180,180,180,7004,401,2370,560,168,378,7146,275,2264,19862,801,227,11468,1401,4232,191,53,291.1,344
X42,B6,02/19/07,1oHum_03hrs_X42_Col06rB_IL06_MEKi, ,1, , , , , ,1, , , , , , ,1, , , , , , ,180,180,180,180,180,180,180,180,180,180,180,180,180,180,180,180,180,180,180,7781,111,2181,459,158,334,7122,96,2454,22592,683,208,12879,973,13726,190,23,307.1,286
X43,C6,02/19/07,1oHum_03hrs_X43_Col06rC_IL06_p38i, ,1, , , , , ,1, , , , , , , ,1, , , , , ,180,180,180,180,180,180,180,180,180,180,180,180,180,180,180,180,180,180,180,6385,367,1761,483,134,207,6524,179,2826,21861,534,220,1872,942,4591,185,28,294.2,326
X44,D6,02/19/07,1oHum_03hrs_X44_Col06rD_IL06_PI3Ki, ,1, , , , , ,1, , , , , , , , ,1, , , , ,180,180,180,180,180,180,180,180,180,180,180,180,180,180,180,180,180,180,180,4079,293,1336,256,90,217,3870,178,2741,16730,599,227,10692,788,4325,147,12,223.1,301
X45,E6,02/19/07,1oHum_03hrs_X45_Col06rE_IL06_IKKi, ,1, , , , , ,1, , , , , , , , , ,1, , , ,180,180,180,180,180,180,180,180,180,180,180,180,180,180,180,180,180,180,180,5305,934,2083,67,238,662,7740,240,2604,15665,967,175,21885,1467,2276,225,9,228.6,394
X46,F6,02/19/07,1oHum_03hrs_X46_Col06rF_IL06_mTOR, ,1, , , , , ,1, , , , , , , , , , ,1, , ,180,180,180,180,180,180,180,180,180,180,180,180,180,180,180,180,180,180,180,5902,352,2361,281,80,226,1552,142,1588,14562,502,181,7160,683,2948,141,19,201,354
X47,G6,02/19/07,1oHum_03hrs_X47_Col06rG_IL06_GSK3, ,1, , , , , ,1, , , , , , , , , , , ,1, ,180,180,180,180,180,180,180,180,180,180,180,180,180,180,180,180,180,180,180,3234,410,1603,338,62,179,3133,128,1426,13681,583,151,6534,761,2144,105,15,224,341
X48,H6,02/19/07,1oHum_03hrs_X48_Col06rH_IL06_JNKi, ,1, , , , , ,1, , , , , , , , , , , , ,1,180,180,180,180,180,180,180,180,180,180,180,180,180,180,180,180,180,180,180,1760,215,677,151,69,206,451,69,1083,7210,492,99,7650,354,935,72,0,193.7,325
X49,A7,02/19/07,1oHum_03hrs_X49_Col07rA_IGF1_NoInh, ,1, , , , , , ,1, , , , ,1, , , , , , , ,180,180,180,180,180,180,180,180,180,180,180,180,180,180,180,180,180,180,180,7019,292,1883,499,116,253,4523,200,48,18026,639,244,6417,884,2490,206,35,297.7,354
X50,B7,02/19/07,1oHum_03hrs_X50_Col07rB_IGF1_MEKi, ,1, , , , , , ,1, , , , , ,1, , , , , , ,180,180,180,180,180,180,180,180,180,180,180,180,180,180,180,180,180,180,180,6786,111,1481,344,145,213,4528,107,29,18353,481,213,7974,569,13352,166,21,288.8,260
X51,C7,02/19/07,1oHum_03hrs_X51_Col07rC_IGF1_p38i, ,1, , , , , , ,1, , , , , , ,1, , , , , ,180,180,180,180,180,180,180,180,180,180,180,180,180,180,180,180,180,180,180,5810,313,1571,292,183,126,3569,193,40,18329,465,260,1910,724,2982,139,4,262.2,315
X52,D7,02/19/07,1oHum_03hrs_X52_Col07rD_IGF1_PI3Ki, ,1, , , , , , ,1, , , , , , , ,1, , , , ,180,180,180,180,180,180,180,180,180,180,180,180,180,180,180,180,180,180,180,4506,314,1272,222,171,211,2513,186,31,17063,442,270,9320,639,2846,138,13,230.7,349
X53,E7,02/19/07,1oHum_03hrs_X53_Col07rE_IGF1_IKKi, ,1, , , , , , ,1, , , , , , , , ,1, , , ,180,180,180,180,180,180,180,180,180,180,180,180,180,180,180,180,180,180,180,4457,437,1504,44,206,576,5395,199,20,14729,762,151,22989,964,1368,141,6,219.4,395
X54,F7,02/19/07,1oHum_03hrs_X54_Col07rF_IGF1_mTOR, ,1, , , , , , ,1, , , , , , , , , ,1, , ,180,180,180,180,180,180,180,180,180,180,180,180,180,180,180,180,180,180,180,5710,448,2427,247,105,171,1701,246,32,15600,521,233,6538,741,2412,144,34,196.5,268
X55,G7,02/19/07,1oHum_03hrs_X55_Col07rG_IGF1_GSK3, ,1, , , , , , ,1, , , , , , , , , , ,1, ,180,180,180,180,180,180,180,180,180,180,180,180,180,180,180,180,180,180,180,3204,558,1909,279,105,152,3042,210,35,15085,545,230,7113,773,2011,118,25,186.5,261
X56,H7,02/19/07,1oHum_03hrs_X56_Col07rH_IGF1_JNKi, ,1, , , , , , ,1, , , , , , , , , , , ,1,180,180,180,180,180,180,180,180,180,180,180,180,180,180,180,180,180,180,180,2888,266,851,143,64,201,595,125,26,7595,448,140,8945,347,1059,85,12,190.1,278
X57,A8,02/19/07,1oHum_03hrs_X57_Col08rA_TGFa_NoInh, ,1, , , , , , , ,1, , , ,1, , , , , , , ,180,180,180,180,180,180,180,180,180,180,180,180,180,180,180,180,180,180,180,4897,3120,3699,904,215,475,12143,912,34,23674,699,273,12082,2946,20437,206,68,291.1,300
X58,B8,02/19/07,1oHum_03hrs_X58_Col08rB_TGFa_MEKi, ,1, , , , , , , ,1, , , , ,1, , , , , , ,180,180,180,180,180,180,180,180,180,180,180,180,180,180,180,180,180,180,180,7097,766,2847,794,285,312,9407,762,63,23350,682,301,11662,2159,24623,248,29,308.9,302
X59,C8,02/19/07,1oHum_03hrs_X59_Col08rC_TGFa_p38i, ,1, , , , , , , ,1, , , , , ,1, , , , , ,180,180,180,180,180,180,180,180,180,180,180,180,180,180,180,180,180,180,180,6439,3978,5262,962,282,201,12194,1549,39,23029,694,294,2753,3347,23504,252,25,264.8,412
X60,D8,02/19/07,1oHum_03hrs_X60_Col08rD_TGFa_PI3Ki, ,1, , , , , , , ,1, , , , , , ,1, , , , ,180,180,180,180,180,180,180,180,180,180,180,180,180,180,180,180,180,180,180,4463,3838,4100,644,167,471,8955,1023,24,22895,701,251,11566,2766,22855,198,32,237.8,353
X61,E8,02/19/07,1oHum_03hrs_X61_Col08rE_TGFa_IKKi, ,1, , , , , , , ,1, , , , , , , ,1, , , ,180,180,180,180,180,180,180,180,180,180,180,180,180,180,180,180,180,180,180,6061,6601,3832,85,282,786,11579,1150,16,20172,1144,212,23061,2389,19256,238,9,252.3,377
X62,F8,02/19/07,1oHum_03hrs_X62_Col08rF_TGFa_mTOR, ,1, , , , , , , ,1, , , , , , , , ,1, , ,180,180,180,180,180,180,180,180,180,180,180,180,180,180,180,180,180,180,180,6308,5354,5200,567,163,371,8435,1350,33,23608,799,310,13239,2647,23612,179,43,221.1,308
X63,G8,02/19/07,1oHum_03hrs_X63_Col08rG_TGFa_GSK3, ,1, , , , , , , ,1, , , , , , , , , ,1, ,180,180,180,180,180,180,180,180,180,180,180,180,180,180,180,180,180,180,180,2893,4276,3945,624,109,282,8085,773,23,23317,698,193,9461,2055,19624,154,33,202.2,311
X64,H8,02/19/07,1oHum_03hrs_X64_Col08rH_TGFa_JNKi, ,1, , , , , , , ,1, , , , , , , , , , ,1,180,180,180,180,180,180,180,180,180,180,180,180,180,180,180,180,180,180,180,2341,4871,1983,284,83,275,4367,513,10,9478,672,176,10215,1379,18782,89,0,215.7,264
X65,A9,02/19/07,1oHum_03hrs_X65_Col09rA_TGFb_NoInh, ,1, , , , , , , , ,1, , ,1, , , , , , , ,180,180,180,180,180,180,180,180,180,180,180,180,180,180,180,180,180,180,180,6969,260,1445,431,132,246,2879,199,27,16266,585,241,7379,612,1985,163,2,291.9,324
X66,B9,02/19/07,1oHum_03hrs_X66_Col09rB_TGFb_MEKi, ,1, , , , , , , , ,1, , , ,1, , , , , , ,180,180,180,180,180,180,180,180,180,180,180,180,180,180,180,180,180,180,180,9409,125,1082,439,102,257,3993,118,37,16385,599,229,9346,564,11946,185,5,341.3,288
X67,C9,02/19/07,1oHum_03hrs_X67_Col09rC_TGFb_p38i, ,1, , , , , , , , ,1, , , , ,1, , , , , ,180,180,180,180,180,180,180,180,180,180,180,180,180,180,180,180,180,180,180,9873,274,1354,503,134,99,3959,282,43,18064,635,240,2140,662,2430,210,10,321.1,245
X68,D9,02/19/07,1oHum_03hrs_X68_Col09rD_TGFb_PI3Ki, ,1, , , , , , , , ,1, , , , , ,1, , , , ,180,180,180,180,180,180,180,180,180,180,180,180,180,180,180,180,180,180,180,4785,308,1161,273,135,242,1960,186,26,15045,600,211,10899,581,2264,146,25,274.3,349
X69,E9,02/19/07,1oHum_03hrs_X69_Col09rE_TGFb_IKKi, ,1, , , , , , , , ,1, , , , , , ,1, , , ,180,180,180,180,180,180,180,180,180,180,180,180,180,180,180,180,180,180,180,6329,629,1977,18,191,516,6013,230,22,15764,1019,190,23093,1124,1851,195,8,247.6,320
X70,F9,02/19/07,1oHum_03hrs_X70_Col09rF_TGFb_mTOR, ,1, , , , , , , , ,1, , , , , , , ,1, , ,180,180,180,180,180,180,180,180,180,180,180,180,180,180,180,180,180,180,180,7829,396,2362,373,120,194,2134,278,39,13444,687,207,8496,767,2336,149,39,248.4,281
X71,G9,02/19/07,1oHum_03hrs_X71_Col09rG_TGFb_GSK3, ,1, , , , , , , , ,1, , , , , , , , ,1, ,180,180,180,180,180,180,180,180,180,180,180,180,180,180,180,180,180,180,180,3869,364,1309,273,60,209,1488,143,24,12946,590,145,7071,422,1767,84,5,234.9,283
X72,H9,02/19/07,1oHum_03hrs_X72_Col09rH_TGFb_JNKi, ,1, , , , , , , , ,1, , , , , , , , , ,1,180,180,180,180,180,180,180,180,180,180,180,180,180,180,180,180,180,180,180,2436,214,681,166,48,164,69,67,20,6048,454,126,8549,283,849,83,0,210.8,278
X73,A10,02/19/07,1oHum_03hrs_X73_Col10rA_HGF__NoInh, ,1, , , , , , , , , ,1, ,1, , , , , , , ,180,180,180,180,180,180,180,180,180,180,180,180,180,180,180,180,180,180,180,6010,1168,2039,539,137,297,6390,425,28,22239,708,236,8597,1235,6767,146,38,282.7,279
X74,B10,02/19/07,1oHum_03hrs_X74_Col10rB_HGF__MEKi, ,1, , , , , , , , , ,1, , ,1, , , , , , ,180,180,180,180,180,180,180,180,180,180,180,180,180,180,180,180,180,180,180,7217,208,953,427,114,279,4549,197,45,19312,598,231,8750,754,14310,191,63,314.8,282
X75,C10,02/19/07,1oHum_03hrs_X75_Col10rC_HGF__p38i, ,1, , , , , , , , , ,1, , , ,1, , , , , ,180,180,180,180,180,180,180,180,180,180,180,180,180,180,180,180,180,180,180,6565,1135,1948,414,179,124,6375,403,40,19826,584,237,1712,1169,6630,162,18,251.8,288
X76,D10,02/19/07,1oHum_03hrs_X76_Col10rD_HGF__PI3Ki, ,1, , , , , , , , , ,1, , , , ,1, , , , ,180,180,180,180,180,180,180,180,180,180,180,180,180,180,180,180,180,180,180,3512,977,1489,263,90,152,2711,341,34,17158,598,248,5359,873,4730,148,26,212,336
X77,E10,02/19/07,1oHum_03hrs_X77_Col10rE_HGF__IKKi, ,1, , , , , , , , , ,1, , , , , ,1, , , ,180,180,180,180,180,180,180,180,180,180,180,180,180,180,180,180,180,180,180,6375,2260,2993,84,230,562,9746,619,28,13961,1160,176,22910,1960,5389,219,39,240.8,402
X78,F10,02/19/07,1oHum_03hrs_X78_Col10rF_HGF__mTOR, ,1, , , , , , , , , ,1, , , , , , ,1, , ,180,180,180,180,180,180,180,180,180,180,180,180,180,180,180,180,180,180,180,7996,1672,3537,272,128,195,4256,503,32,18278,755,212,8062,1462,6785,195,18,242.9,306
X79,G10,02/19/07,1oHum_03hrs_X79_Col10rG_HGF__GSK3, ,1, , , , , , , , , ,1, , , , , , , ,1, ,180,180,180,180,180,180,180,180,180,180,180,180,180,180,180,180,180,180,180,3577,1837,2009,295,60,203,5237,306,26,17306,623,130,6271,1136,8069,103,0,205.4,280
X80,H10,02/19/07,1oHum_03hrs_X80_Col10rH_HGF__JNKi, ,1, , , , , , , , , ,1, , , , , , , , ,1,180,180,180,180,180,180,180,180,180,180,180,180,180,180,180,180,180,180,180,3125,807,666,116,62,189,871,203,18,7214,486,91,8479,359,2252,71,0,205.8,304
X81,A11,02/19/07,1oHum_03hrs_X81_Col11rA_LPS__NoInh, ,1, , , , , , , , , , ,1,1, , , , , , , ,180,180,180,180,180,180,180,180,180,180,180,180,180,180,180,180,180,180,180,3284,340,1812,1637,133,340,4910,206,146,21627,814,202,17114,1064,3270,155,7,231.1,273
X82,B11,02/19/07,1oHum_03hrs_X82_Col11rB_LPS__MEKi, ,1, , , , , , , , , , ,1, ,1, , , , , , ,180,180,180,180,180,180,180,180,180,180,180,180,180,180,180,180,180,180,180,5523,156,1407,1909,151,297,6425,107,210,23148,786,192,19148,1016,13473,184,18,261.3,258
X83,C11,02/19/07,1oHum_03hrs_X83_Col11rC_LPS__p38i, ,1, , , , , , , , , , ,1, , ,1, , , , , ,180,180,180,180,180,180,180,180,180,180,180,180,180,180,180,180,180,180,180,4311,538,1726,1937,194,198,6976,366,225,21612,636,268,3908,1325,4167,150,1,241.2,291
X84,D11,02/19/07,1oHum_03hrs_X84_Col11rD_LPS__PI3Ki, ,1, , , , , , , , , , ,1, , , ,1, , , , ,180,180,180,180,180,180,180,180,180,180,180,180,180,180,180,180,180,180,180,4054,325,1309,1398,142,353,3676,266,170,22045,727,254,20886,927,3495,148,50,222.7,329
X85,E11,02/19/07,1oHum_03hrs_X85_Col11rE_LPS__IKKi, ,1, , , , , , , , , , ,1, , , , ,1, , , ,180,180,180,180,180,180,180,180,180,180,180,180,180,180,180,180,180,180,180,4512,829,2093,1139,340,861,5135,218,15,18183,535,135,23528,1678,2195,187,13,207.9,422
X86,F11,02/19/07,1oHum_03hrs_X86_Col11rF_LPS__mTOR, ,1, , , , , , , , , , ,1, , , , , ,1, , ,180,180,180,180,180,180,180,180,180,180,180,180,180,180,180,180,180,180,180,8051,441,2861,1692,142,371,3282,308,153,21327,769,183,20824,1126,4029,153,39,230.2,268
X87,G11,02/19/07,1oHum_03hrs_X87_Col11rG_LPS__GSK3, ,1, , , , , , , , , , ,1, , , , , , ,1, ,180,180,180,180,180,180,180,180,180,180,180,180,180,180,180,180,180,180,180,2990,334,1457,1270,39,299,4012,166,114,19831,669,109,18278,779,2670,96,0,207.1,272
X88,H11,02/19/07,1oHum_03hrs_X88_Col11rH_LPS__JNKi, ,1, , , , , , , , , , ,1, , , , , , , ,1,180,180,180,180,180,180,180,180,180,180,180,180,180,180,180,180,180,180,180,3264,484,807,1888,21,285,2164,176,22,13949,594,145,17998,497,1781,101,0,231.1,350
0_point,0_point,02/19/07,0_time_point_for_HepG2_is_4hrs_dmso_NoInh,1, ,1, , , , , , , , , , ,1, , , , , , , ,0,0,0,0,0,0,0,0,0,0,0,0,0,0,0,0,0,0,0,8934,477,1724,480,67,37,3469,239,117,4986,350,758,391,1386,5369,715,2,360.7,137
0_point,0_point,02/19/07,0_time_point_for_HepG2_is_4hrs_dmso_MEKi,1, ,1, , , , , , , , , , , ,1, , , , , , ,0,0,0,0,0,0,0,0,0,0,0,0,0,0,0,0,0,0,0,11918,244,1965,425,86,18,2372,75,134,2844,318,821,460,1294,9244,949,18,360.7,220
0_point,0_point,02/19/07,0_time_point_for_HepG2_is_4hrs_dmso_p38i,1, ,1, , , , , , , , , , , , ,1, , , , , ,0,0,0,0,0,0,0,0,0,0,0,0,0,0,0,0,0,0,0,11324,418,1853,498,91,24,4035,323,92,5450,349,922,420,1552,5352,783,14,360.7,147
0_point,0_point,02/19/07,0_time_point_for_HepG2_is_4hrs_dmso_PI3Ki,1, ,1, , , , , , , , , , , , , ,1, , , , ,0,0,0,0,0,0,0,0,0,0,0,0,0,0,0,0,0,0,0,5203,505,976,487,59,43,2678,308,88,4415,285,816,350,1130,6449,522,0,360.7,175
0_point,0_point,02/19/07,0_time_point_for_HepG2_is_4hrs_dmso_IKKi,1, ,1, , , , , , , , , , , , , , ,1, , , ,0,0,0,0,0,0,0,0,0,0,0,0,0,0,0,0,0,0,0,7798,688,1591,115,51,39,4164,271,96,2717,270,612,286,1546,5230,1053,0,360.7,418
0_point,0_point,02/19/07,0_time_point_for_HepG2_is_4hrs_dmso_mTOR,1, ,1, , , , , , , , , , , , , , , ,1, , ,0,0,0,0,0,0,0,0,0,0,0,0,0,0,0,0,0,0,0,11737,492,1803,439,64,34,1990,293,91,4067,304,718,335,1219,5226,729,4,360.7,168
0_point,0_point,02/19/07,0_time_point_for_HepG2_is_4hrs_dmso_GSK3i,1, ,1, , , , , , , , , , , , , , , , ,1, ,0,0,0,0,0,0,0,0,0,0,0,0,0,0,0,0,0,0,0,10747,437,2064,529,46,59,3275,268,74,4459,312,685,334,1110,5228,654,1,360.7,133
0_point,0_point,02/19/07,0_time_point_for_HepG2_is_4hrs_dmso_JNKi,1, ,1, , , , , , , , , , , , , , , , , ,1,0,0,0,0,0,0,0,0,0,0,0,0,0,0,0,0,0,0,0,5832,507,554,447,23,43,1050,193,46,623,225,443,242,628,5739,482,0,360.7,143
X1,A1,02/19/07,HepG2_30min_X01_Col01rA_DMSO_NoInh,1, ,1, , , , , , , , , , ,1, , , , , , , ,30,30,30,30,30,30,30,30,30,30,30,30,30,30,30,30,30,30,30,11592,234,1307,507,92,38,3989,254,101,5088,409,855,501,1566,5117,748,4,341.5,137
X2,B1,02/19/07,HepG2_30min_X02_Col01rB_DMSO_MEKi,1, ,1, , , , , , , , , , , ,1, , , , , , ,30,30,30,30,30,30,30,30,30,30,30,30,30,30,30,30,30,30,30,12647,103,1465,445,83,15,2441,78,107,3390,377,783,515,1141,6989,711,15,350.2,220
X3,C1,02/19/07,HepG2_30min_X03_Col01rC_DMSO_p38i,1, ,1, , , , , , , , , , , , ,1, , , , , ,30,30,30,30,30,30,30,30,30,30,30,30,30,30,30,30,30,30,30,14109,176,1450,508,125,25,4388,297,75,5017,451,1103,500,1555,4887,689,27,373.6,147
X4,D1,02/19/07,HepG2_30min_X04_Col01rD_DMSO_PI3Ki,1, ,1, , , , , , , , , , , , , ,1, , , , ,30,30,30,30,30,30,30,30,30,30,30,30,30,30,30,30,30,30,30,5889,204,587,590,81,38,2524,289,67,4458,343,883,404,1091,6138,532,0,378,175
X5,E1,02/19/07,HepG2_30min_X05_Col01rE_DMSO_IKKi,1, ,1, , , , , , , , , , , , , , ,1, , , ,30,30,30,30,30,30,30,30,30,30,30,30,30,30,30,30,30,30,30,8360,341,993,153,78,30,3772,262,89,3160,300,632,333,1361,5292,605,0,367.9,418
X6,F1,02/19/07,HepG2_30min_X06_Col01rF_DMSO_mTOR,1, ,1, , , , , , , , , , , , , , , ,1, , ,30,30,30,30,30,30,30,30,30,30,30,30,30,30,30,30,30,30,30,14643,229,1557,466,100,29,1604,253,91,3641,307,780,392,1197,4670,692,8,357.8,168
X7,G1,02/19/07,HepG2_30min_X07_Col01rG_DMSO_GSK3,1, ,1, , , , , , , , , , , , , , , , ,1, ,30,30,30,30,30,30,30,30,30,30,30,30,30,30,30,30,30,30,30,11599,167,1235,460,60,25,2861,207,56,3322,291,636,356,998,4745,537,0,363.4,133
X8,H1,02/19/07,HepG2_30min_X08_Col01rH_DMSO_JNKi,1, ,1, , , , , , , , , , , , , , , , , ,1,30,30,30,30,30,30,30,30,30,30,30,30,30,30,30,30,30,30,30,7047,162,450,548,24,45,1205,169,32,659,321,459,275,556,5757,370,0,352.9,143
X9,A2,02/19/07,HepG2_30min_X09_Col02rA_FASL_NoInh,1, , ,1, , , , , , , , , ,1, , , , , , , ,30,30,30,30,30,30,30,30,30,30,30,30,30,30,30,30,30,30,30,13104,241,2074,605,110,43,4692,290,140,5938,338,1021,602,1699,5214,919,20,354.8,146
X10,B2,02/19/07,HepG2_30min_X10_Col02rB_FASL_MEKi,1, , ,1, , , , , , , , , , ,1, , , , , , ,30,30,30,30,30,30,30,30,30,30,30,30,30,30,30,30,30,30,30,16187,44,1150,566,146,12,2495,75,95,3751,473,1276,642,1086,7559,677,15,382.5,250
X11,C2,02/19/07,HepG2_30min_X11_Col02rC_FASL_p38i,1, , ,1, , , , , , , , , , , ,1, , , , , ,30,30,30,30,30,30,30,30,30,30,30,30,30,30,30,30,30,30,30,16850,106,1280,585,104,42,4002,283,67,5380,593,1225,444,1340,5275,585,21,412.3,184
X12,D2,02/19/07,HepG2_30min_X12_Col02rD_FASL_PI3Ki,1, , ,1, , , , , , , , , , , , ,1, , , , ,30,30,30,30,30,30,30,30,30,30,30,30,30,30,30,30,30,30,30,7775,281,745,720,108,41,3177,359,109,6529,377,1015,529,1350,6406,827,12,419.6,115
X13,E2,02/19/07,HepG2_30min_X13_Col02rE_FASL_IKKi,1, , ,1, , , , , , , , , , , , , ,1, , , ,30,30,30,30,30,30,30,30,30,30,30,30,30,30,30,30,30,30,30,12015,339,1374,174,100,25,4879,338,78,3360,277,649,475,1543,5554,904,25,368.3,551
X14,F2,02/19/07,HepG2_30min_X14_Col02rF_FASL_mTOR,1, , ,1, , , , , , , , , , , , , , ,1, , ,30,30,30,30,30,30,30,30,30,30,30,30,30,30,30,30,30,30,30,14741,202,1426,565,112,35,2049,266,74,3813,337,640,451,1142,5047,677,19,351,201
X15,G2,02/19/07,HepG2_30min_X15_Col02rG_FASL_GSK3,1, , ,1, , , , , , , , , , , , , , , ,1, ,30,30,30,30,30,30,30,30,30,30,30,30,30,30,30,30,30,30,30,12220,111,1364,533,44,48,2742,153,55,3818,352,691,416,1067,4452,503,0,446.1,206
X16,H2,02/19/07,HepG2_30min_X16_Col02rH_FASL_JNKi,1, , ,1, , , , , , , , , , , , , , , , ,1,30,30,30,30,30,30,30,30,30,30,30,30,30,30,30,30,30,30,30,9071,284,608,580,29,50,1448,202,57,1139,400,504,392,667,5916,495,0,405,176
X17,A3,02/19/07,HepG2_30min_X17_Col03rA_INFg_NoInh,1, , , ,1, , , , , , , , ,1, , , , , , , ,30,30,30,30,30,30,30,30,30,30,30,30,30,30,30,30,30,30,30,15749,242,1716,488,114,50,5157,311,134,4899,560,910,698,1758,5647,849,47,366.5,132
X18,B3,02/19/07,HepG2_30min_X18_Col03rB_INFg_MEKi,1, , , ,1, , , , , , , , , ,1, , , , , , ,30,30,30,30,30,30,30,30,30,30,30,30,30,30,30,30,30,30,30,14181,45,1330,430,109,5,2708,70,119,3181,485,1081,588,1270,6448,708,35,361.3,155
X19,C3,02/19/07,HepG2_30min_X19_Col03rC_INFg_p38i,1, , , ,1, , , , , , , , , , ,1, , , , , ,30,30,30,30,30,30,30,30,30,30,30,30,30,30,30,30,30,30,30,15977,223,1744,526,116,16,3657,296,84,5266,419,831,508,1662,4848,922,30,402.1,179
X20,D3,02/19/07,HepG2_30min_X20_Col03rD_INFg_PI3Ki,1, , , ,1, , , , , , , , , , , ,1, , , , ,30,30,30,30,30,30,30,30,30,30,30,30,30,30,30,30,30,30,30,7663,273,731,688,117,43,3659,451,96,5790,367,921,578,1455,6898,820,13,412.8,127
X21,E3,02/19/07,HepG2_30min_X21_Col03rE_INFg_IKKi,1, , , ,1, , , , , , , , , , , , ,1, , , ,30,30,30,30,30,30,30,30,30,30,30,30,30,30,30,30,30,30,30,11549,362,1409,196,132,33,5138,353,110,3565,323,780,478,1652,6087,947,27,363.2,528
X22,F3,02/19/07,HepG2_30min_X22_Col03rF_INFg_mTOR,1, , , ,1, , , , , , , , , , , , , ,1, , ,30,30,30,30,30,30,30,30,30,30,30,30,30,30,30,30,30,30,30,16388,214,1798,526,120,20,2236,347,66,3968,356,796,476,1063,5459,757,24,393.5,138
X23,G3,02/19/07,HepG2_30min_X23_Col03rG_INFg_GSK3,1, , , ,1, , , , , , , , , , , , , , ,1, ,30,30,30,30,30,30,30,30,30,30,30,30,30,30,30,30,30,30,30,11736,193,1551,560,87,31,3172,249,81,4090,309,711,444,1232,4645,682,0,395.9,130
X24,H3,02/19/07,HepG2_30min_X24_Col03rH_INFg_JNKi,1, , , ,1, , , , , , , , , , , , , , , ,1,30,30,30,30,30,30,30,30,30,30,30,30,30,30,30,30,30,30,30,8888,300,693,564,0,34,1378,241,52,1144,395,473,335,640,5450,568,0,412.3,179
X25,A4,02/19/07,HepG2_30min_X25_Col04rA_TNFa_NoInh,1, , , , ,1, , , , , , , ,1, , , , , , , ,30,30,30,30,30,30,30,30,30,30,30,30,30,30,30,30,30,30,30,14488,229,1720,5642,158,134,5230,270,115,8464,512,820,467,2126,5581,950,3,366,186
X26,B4,02/19/07,HepG2_30min_X26_Col04rB_TNFa_MEKi,1, , , , ,1, , , , , , , , ,1, , , , , , ,30,30,30,30,30,30,30,30,30,30,30,30,30,30,30,30,30,30,30,13603,99,1726,3974,200,36,3454,90,108,5808,391,973,604,1737,6761,979,48,379.2,184
X27,C4,02/19/07,HepG2_30min_X27_Col04rC_TNFa_p38i,1, , , , ,1, , , , , , , , , ,1, , , , , ,30,30,30,30,30,30,30,30,30,30,30,30,30,30,30,30,30,30,30,15035,270,1950,3894,191,38,4857,364,108,9354,459,954,645,2088,5292,1007,25,394,153
X28,D4,02/19/07,HepG2_30min_X28_Col04rD_TNFa_PI3Ki,1, , , , ,1, , , , , , , , , , ,1, , , , ,30,30,30,30,30,30,30,30,30,30,30,30,30,30,30,30,30,30,30,8765,304,868,4770,206,127,5717,447,102,9761,622,981,584,1982,7569,964,23,413.7,162
X29,E4,02/19/07,HepG2_30min_X29_Col04rE_TNFa_IKKi,1, , , , ,1, , , , , , , , , , , ,1, , , ,30,30,30,30,30,30,30,30,30,30,30,30,30,30,30,30,30,30,30,10894,443,1672,1943,187,126,6908,332,56,5677,524,693,445,2166,6969,1089,0,374.5,576
X30,F4,02/19/07,HepG2_30min_X30_Col04rF_TNFa_mTOR,1, , , , ,1, , , , , , , , , , , , ,1, , ,30,30,30,30,30,30,30,30,30,30,30,30,30,30,30,30,30,30,30,16270,203,1853,4735,156,98,2877,272,55,6602,457,696,442,1471,5654,855,9,365,136
X31,G4,02/19/07,HepG2_30min_X31_Col04rG_TNFa_GSK3,1, , , , ,1, , , , , , , , , , , , , ,1, ,30,30,30,30,30,30,30,30,30,30,30,30,30,30,30,30,30,30,30,13574,206,1809,4549,99,95,4613,272,49,7615,370,707,409,1524,4743,910,2,431.3,184
X32,H4,02/19/07,HepG2_30min_X32_Col04rH_TNFa_JNKi,1, , , , ,1, , , , , , , , , , , , , , ,1,30,30,30,30,30,30,30,30,30,30,30,30,30,30,30,30,30,30,30,8078,382,676,4153,41,100,3051,382,45,1346,517,630,311,751,5861,609,0,409.4,184
X33,A5,02/19/07,HepG2_30min_X33_Col05rA_IL1a_NoInh,1, , , , , ,1, , , , , , ,1, , , , , , , ,30,30,30,30,30,30,30,30,30,30,30,30,30,30,30,30,30,30,30,9014,453,1973,19518,2858,1660,18587,601,39,20433,3469,930,11702,10503,9952,1216,25,337.6,178
X34,B5,02/19/07,HepG2_30min_X34_Col05rB_IL1a_MEKi,1, , , , , ,1, , , , , , , ,1, , , , , , ,30,30,30,30,30,30,30,30,30,30,30,30,30,30,30,30,30,30,30,13266,106,1891,18519,2559,1207,17761,166,44,18108,2906,1106,9878,10847,14533,1302,32,369.3,260
X35,C5,02/19/07,HepG2_30min_X35_Col05rC_IL1a_p38i,1, , , , , ,1, , , , , , , , ,1, , , , , ,30,30,30,30,30,30,30,30,30,30,30,30,30,30,30,30,30,30,30,16157,377,2190,17922,3045,712,18055,573,53,16993,2043,1152,866,10849,9734,1692,29,443.6,123
X36,D5,02/19/07,HepG2_30min_X36_Col05rD_IL1a_PI3Ki,1, , , , , ,1, , , , , , , , , ,1, , , , ,30,30,30,30,30,30,30,30,30,30,30,30,30,30,30,30,30,30,30,8232,510,1731,19782,3183,1347,18068,835,41,22463,3681,1225,10555,11172,11464,1293,51,426.4,146
X37,E5,02/19/07,HepG2_30min_X37_Col05rE_IL1a_IKKi,1, , , , , ,1, , , , , , , , , , ,1, , , ,30,30,30,30,30,30,30,30,30,30,30,30,30,30,30,30,30,30,30,8774,668,2242,1216,2791,1229,18091,631,36,10950,3081,973,7575,9025,11421,1487,6,345.5,476
X38,F5,02/19/07,HepG2_30min_X38_Col05rF_IL1a_mTOR,1, , , , , ,1, , , , , , , , , , , ,1, , ,30,30,30,30,30,30,30,30,30,30,30,30,30,30,30,30,30,30,30,12066,501,2240,18517,2635,1222,16776,658,25,20145,3464,991,9536,9666,10953,1297,23,385.9,185
X39,G5,02/19/07,HepG2_30min_X39_Col05rG_IL1a_GSK3,1, , , , , ,1, , , , , , , , , , , , ,1, ,30,30,30,30,30,30,30,30,30,30,30,30,30,30,30,30,30,30,30,8828,418,1811,18627,2396,1301,13983,553,22,19548,2918,1015,8654,9804,7990,963,7,397.3,171
X40,H5,02/19/07,HepG2_30min_X40_Col05rH_IL1a_JNKi,1, , , , , ,1, , , , , , , , , , , , , ,1,30,30,30,30,30,30,30,30,30,30,30,30,30,30,30,30,30,30,30,7021,607,1565,12981,693,1293,10316,577,15,8282,3435,660,7084,4579,9339,637,0,395.9,137
X41,A6,02/19/07,HepG2_30min_X41_Col06rA_IL06_NoInh,1, , , , , , ,1, , , , , ,1, , , , , , , ,30,30,30,30,30,30,30,30,30,30,30,30,30,30,30,30,30,30,30,15770,377,1703,536,161,58,7101,436,5626,5575,668,1019,643,2151,7818,749,46,358,207
X42,B6,02/19/07,HepG2_30min_X42_Col06rB_IL06_MEKi,1, , , , , , ,1, , , , , , ,1, , , , , , ,30,30,30,30,30,30,30,30,30,30,30,30,30,30,30,30,30,30,30,14211,28,1639,352,89,35,2571,71,5674,3246,364,856,518,1286,9727,714,6,358,165
X43,C6,02/19/07,HepG2_30min_X43_Col06rC_IL06_p38i,1, , , , , , ,1, , , , , , , ,1, , , , , ,30,30,30,30,30,30,30,30,30,30,30,30,30,30,30,30,30,30,30,13994,415,2126,492,97,27,5392,349,4215,5695,424,849,528,1975,5922,843,14,404.6,195
X44,D6,02/19/07,HepG2_30min_X44_Col06rD_IL06_PI3Ki,1, , , , , , ,1, , , , , , , , ,1, , , , ,30,30,30,30,30,30,30,30,30,30,30,30,30,30,30,30,30,30,30,8398,355,1018,608,155,54,4827,529,4461,6894,501,820,546,1674,7848,890,0,391.1,144
X45,E6,02/19/07,HepG2_30min_X45_Col06rE_IL06_IKKi,1, , , , , , ,1, , , , , , , , , ,1, , , ,30,30,30,30,30,30,30,30,30,30,30,30,30,30,30,30,30,30,30,12760,532,1688,240,109,28,5997,504,4919,2955,380,706,502,2107,7911,1109,27,360.8,568
X46,F6,02/19/07,HepG2_30min_X46_Col06rF_IL06_mTOR,1, , , , , , ,1, , , , , , , , , , ,1, , ,30,30,30,30,30,30,30,30,30,30,30,30,30,30,30,30,30,30,30,16419,207,1842,501,102,48,2931,321,3694,5026,516,615,441,1503,7595,759,0,447.1,159
X47,G6,02/19/07,HepG2_30min_X47_Col06rG_IL06_GSK3,1, , , , , , ,1, , , , , , , , , , , ,1, ,30,30,30,30,30,30,30,30,30,30,30,30,30,30,30,30,30,30,30,13319,231,1681,511,86,43,4599,323,3526,4561,424,695,454,1562,6125,643,0,374.9,222
X48,H6,02/19/07,HepG2_30min_X48_Col06rH_IL06_JNKi,1, , , , , , ,1, , , , , , , , , , , , ,1,30,30,30,30,30,30,30,30,30,30,30,30,30,30,30,30,30,30,30,10051,292,740,597,12,31,1745,284,3740,901,412,553,333,709,6039,509,0,396.9,174
X49,A7,02/19/07,HepG2_30min_X49_Col07rA_IGF1_NoInh,1, , , , , , , ,1, , , , ,1, , , , , , , ,30,30,30,30,30,30,30,30,30,30,30,30,30,30,30,30,30,30,30,24720,206,2816,556,229,77,13174,319,80,4777,743,1081,489,2259,6845,537,24,350.6,176
X50,B7,02/19/07,HepG2_30min_X50_Col07rB_IGF1_MEKi,1, , , , , , , ,1, , , , , ,1, , , , , , ,30,30,30,30,30,30,30,30,30,30,30,30,30,30,30,30,30,30,30,24202,120,3586,486,126,38,8508,127,84,2915,469,917,620,1574,9158,827,26,359,178
X51,C7,02/19/07,HepG2_30min_X51_Col07rC_IGF1_p38i,1, , , , , , , ,1, , , , , , ,1, , , , , ,30,30,30,30,30,30,30,30,30,30,30,30,30,30,30,30,30,30,30,24247,191,4008,526,117,27,10528,265,57,3302,418,787,475,1990,5268,719,10,365.5,172
X52,D7,02/19/07,HepG2_30min_X52_Col07rD_IGF1_PI3Ki,1, , , , , , , ,1, , , , , , , ,1, , , , ,30,30,30,30,30,30,30,30,30,30,30,30,30,30,30,30,30,30,30,13044,381,2063,546,117,29,4853,400,83,3965,399,927,550,1493,7662,867,23,381.6,201
X53,E7,02/19/07,HepG2_30min_X53_Col07rE_IGF1_IKKi,1, , , , , , , ,1, , , , , , , , ,1, , , ,30,30,30,30,30,30,30,30,30,30,30,30,30,30,30,30,30,30,30,23939,406,4320,247,123,34,10727,345,78,3497,394,575,473,2573,6195,1131,6,374.5,603
X54,F7,02/19/07,HepG2_30min_X54_Col07rF_IGF1_mTOR,1, , , , , , , ,1, , , , , , , , , ,1, , ,30,30,30,30,30,30,30,30,30,30,30,30,30,30,30,30,30,30,30,24418,290,4266,570,95,33,2752,341,73,4509,471,625,407,1414,6939,877,0,393.5,252
X55,G7,02/19/07,HepG2_30min_X55_Col07rG_IGF1_GSK3,1, , , , , , , ,1, , , , , , , , , , ,1, ,30,30,30,30,30,30,30,30,30,30,30,30,30,30,30,30,30,30,30,24643,405,4654,622,98,58,9677,324,71,5009,430,593,406,1881,6191,824,0,415.2,286
X56,H7,02/19/07,HepG2_30min_X56_Col07rH_IGF1_JNKi,1, , , , , , , ,1, , , , , , , , , , , ,1,30,30,30,30,30,30,30,30,30,30,30,30,30,30,30,30,30,30,30,23518,311,2130,531,31,36,3209,266,53,1061,278,481,361,899,5158,625,0,391.1,170
X57,A8,02/19/07,HepG2_30min_X57_Col08rA_TGFa_NoInh,1, , , , , , , , ,1, , , ,1, , , , , , , ,30,30,30,30,30,30,30,30,30,30,30,30,30,30,30,30,30,30,30,23692,974,2957,520,146,376,21087,1619,48,8914,2697,1332,286,8012,23367,286,36,315.7,155
X58,B8,02/19/07,HepG2_30min_X58_Col08rB_TGFa_MEKi,1, , , , , , , , ,1, , , , ,1, , , , , , ,30,30,30,30,30,30,30,30,30,30,30,30,30,30,30,30,30,30,30,24905,128,4261,933,340,169,11552,161,97,6264,646,894,526,2691,24018,774,66,357.6,164
X59,C8,02/19/07,HepG2_30min_X59_Col08rC_TGFa_p38i,1, , , , , , , , ,1, , , , , ,1, , , , , ,30,30,30,30,30,30,30,30,30,30,30,30,30,30,30,30,30,30,30,23161,1326,3999,706,185,74,18723,1582,49,7529,2258,1187,546,9256,16460,919,8,395.9,151
X60,D8,02/19/07,HepG2_30min_X60_Col08rD_TGFa_PI3Ki,1, , , , , , , , ,1, , , , , , ,1, , , , ,30,30,30,30,30,30,30,30,30,30,30,30,30,30,30,30,30,30,30,8147,1390,2855,558,161,157,15683,1658,46,8985,2469,1177,528,7785,16922,794,10,410.4,117
X61,E8,02/19/07,HepG2_30min_X61_Col08rE_TGFa_IKKi,1, , , , , , , , ,1, , , , , , , ,1, , , ,30,30,30,30,30,30,30,30,30,30,30,30,30,30,30,30,30,30,30,16045,1818,3374,167,133,173,18065,1512,35,4087,2526,827,394,8118,16032,767,0,343.1,458
X62,F8,02/19/07,HepG2_30min_X62_Col08rF_TGFa_mTOR,1, , , , , , , , ,1, , , , , , , , ,1, , ,30,30,30,30,30,30,30,30,30,30,30,30,30,30,30,30,30,30,30,23081,1229,3780,646,171,98,13642,1695,38,9194,2612,1001,507,7558,15247,923,4,405.5,157
X63,G8,02/19/07,HepG2_30min_X63_Col08rG_TGFa_GSK3,1, , , , , , , , ,1, , , , , , , , , ,1, ,30,30,30,30,30,30,30,30,30,30,30,30,30,30,30,30,30,30,30,22125,1066,4250,652,155,141,18410,1580,32,9625,2783,919,467,8200,15427,760,19,407,258
X64,H8,02/19/07,HepG2_30min_X64_Col08rH_TGFa_JNKi,1, , , , , , , , ,1, , , , , , , , , , ,1,30,30,30,30,30,30,30,30,30,30,30,30,30,30,30,30,30,30,30,16227,1335,2570,718,81,173,15082,1318,28,2030,2775,649,350,6717,15975,586,0,417.6,92
X65,A9,02/19/07,HepG2_30min_X65_Col09rA_TGFb_NoInh,1, , , , , , , , , ,1, , ,1, , , , , , , ,30,30,30,30,30,30,30,30,30,30,30,30,30,30,30,30,30,30,30,12460,145,1273,515,66,19,3973,254,78,4121,396,692,448,1356,4348,648,2,348.2,116
X66,B9,02/19/07,HepG2_30min_X66_Col09rB_TGFb_MEKi,1, , , , , , , , , ,1, , , ,1, , , , , , ,30,30,30,30,30,30,30,30,30,30,30,30,30,30,30,30,30,30,30,12920,96,1496,474,115,20,2612,73,102,3262,362,945,534,1269,6297,853,11,362.7,392
X67,C9,02/19/07,HepG2_30min_X67_Col09rC_TGFb_p38i,1, , , , , , , , , ,1, , , , ,1, , , , , ,30,30,30,30,30,30,30,30,30,30,30,30,30,30,30,30,30,30,30,14174,195,1783,534,119,7,3473,267,70,4807,378,928,595,1706,4457,948,17,395.9,174
X68,D9,02/19/07,HepG2_30min_X68_Col09rD_TGFb_PI3Ki,1, , , , , , , , , ,1, , , , , ,1, , , , ,30,30,30,30,30,30,30,30,30,30,30,30,30,30,30,30,30,30,30,7716,469,948,631,104,34,3434,396,81,5702,424,812,555,1499,7217,1025,11,407,115
X69,E9,02/19/07,HepG2_30min_X69_Col09rE_TGFb_IKKi,1, , , , , , , , , ,1, , , , , , ,1, , , ,30,30,30,30,30,30,30,30,30,30,30,30,30,30,30,30,30,30,30,11978,307,1638,174,95,25,4805,381,69,3289,323,802,545,1858,6335,979,5,376.8,522
X70,F9,02/19/07,HepG2_30min_X70_Col09rF_TGFb_mTOR,1, , , , , , , , , ,1, , , , , , , ,1, , ,30,30,30,30,30,30,30,30,30,30,30,30,30,30,30,30,30,30,30,15898,178,1687,502,105,14,2562,319,92,4182,348,818,470,1388,4823,840,26,383,189
X71,G9,02/19/07,HepG2_30min_X71_Col09rG_TGFb_GSK3,1, , , , , , , , , ,1, , , , , , , , ,1, ,30,30,30,30,30,30,30,30,30,30,30,30,30,30,30,30,30,30,30,13155,103,1669,583,93,21,3825,216,60,4235,326,816,416,1429,4484,729,0,401.2,132
X72,H9,02/19/07,HepG2_30min_X72_Col09rH_TGFb_JNKi,1, , , , , , , , , ,1, , , , , , , , , ,1,30,30,30,30,30,30,30,30,30,30,30,30,30,30,30,30,30,30,30,6222,231,469,626,56,22,597,211,37,931,283,506,346,603,5502,574,0,361.8,151
X73,A10,02/19/07,HepG2_30min_X73_Col10rA_HGF__NoInh,1, , , , , , , , , , ,1, ,1, , , , , , , ,30,30,30,30,30,30,30,30,30,30,30,30,30,30,30,30,30,30,30,13029,212,1424,564,102,23,3878,259,82,4268,399,629,463,1547,4676,669,28,352.9,172
X74,B10,02/19/07,HepG2_30min_X74_Col10rB_HGF__MEKi,1, , , , , , , , , , ,1, , ,1, , , , , , ,30,30,30,30,30,30,30,30,30,30,30,30,30,30,30,30,30,30,30,12326,69,1416,409,94,2,2156,64,90,2944,332,607,427,1113,6277,709,6,353.4,155
X75,C10,02/19/07,HepG2_30min_X75_Col10rC_HGF__p38i,1, , , , , , , , , , ,1, , , ,1, , , , , ,30,30,30,30,30,30,30,30,30,30,30,30,30,30,30,30,30,30,30,13522,154,1449,542,134,10,4379,229,72,4735,330,905,519,1627,4958,736,5,380.6,196
X76,D10,02/19/07,HepG2_30min_X76_Col10rD_HGF__PI3Ki,1, , , , , , , , , , ,1, , , , ,1, , , , ,30,30,30,30,30,30,30,30,30,30,30,30,30,30,30,30,30,30,30,6292,532,891,529,74,35,3350,339,76,4639,404,746,470,1348,6537,848,7,361.8,86
X77,E10,02/19/07,HepG2_30min_X77_Col10rE_HGF__IKKi,1, , , , , , , , , , ,1, , , , , ,1, , , ,30,30,30,30,30,30,30,30,30,30,30,30,30,30,30,30,30,30,30,11615,272,1332,156,63,18,4493,316,85,3313,276,663,426,1555,5936,790,3,362.7,536
X78,F10,02/19/07,HepG2_30min_X78_Col10rF_HGF__mTOR,1, , , , , , , , , , ,1, , , , , , ,1, , ,30,30,30,30,30,30,30,30,30,30,30,30,30,30,30,30,30,30,30,16085,209,1707,441,97,22,2370,280,72,3471,351,852,471,1249,5626,628,4,405,124
X79,G10,02/19/07,HepG2_30min_X79_Col10rG_HGF__GSK3,1, , , , , , , , , , ,1, , , , , , , ,1, ,30,30,30,30,30,30,30,30,30,30,30,30,30,30,30,30,30,30,30,14128,211,1575,514,63,11,3002,242,67,4133,355,605,427,1100,4586,589,0,401.2,173
X80,H10,02/19/07,HepG2_30min_X80_Col10rH_HGF__JNKi,1, , , , , , , , , , ,1, , , , , , , , ,1,30,30,30,30,30,30,30,30,30,30,30,30,30,30,30,30,30,30,30,9368,289,676,595,20,27,1678,281,45,1067,241,559,352,818,5627,641,0,383.5,110
X81,A11,02/19/07,HepG2_30min_X81_Col11rA_LPS__NoInh,1, , , , , , , , , , , ,1,1, , , , , , , ,30,30,30,30,30,30,30,30,30,30,30,30,30,30,30,30,30,30,30,12027,226,1488,493,108,20,3654,267,97,4741,364,820,509,1525,4449,696,0,355.2,151
X82,B11,02/19/07,HepG2_30min_X82_Col11rB_LPS__MEKi,1, , , , , , , , , , , ,1, ,1, , , , , , ,30,30,30,30,30,30,30,30,30,30,30,30,30,30,30,30,30,30,30,13458,78,1323,410,76,13,2070,79,96,2908,339,892,488,1198,6144,551,3,364.1,186
X83,C11,02/19/07,HepG2_30min_X83_Col11rC_LPS__p38i,1, , , , , , , , , , , ,1, , ,1, , , , , ,30,30,30,30,30,30,30,30,30,30,30,30,30,30,30,30,30,30,30,12574,202,1742,475,90,3,4374,257,62,4549,339,989,455,1463,4514,764,52,382.5,205
X84,D11,02/19/07,HepG2_30min_X84_Col11rD_LPS__PI3Ki,1, , , , , , , , , , , ,1, , , ,1, , , , ,30,30,30,30,30,30,30,30,30,30,30,30,30,30,30,30,30,30,30,7320,367,789,560,115,32,3321,383,99,5422,361,841,451,1433,6640,905,18,397.8,128
X85,E11,02/19/07,HepG2_30min_X85_Col11rE_LPS__IKKi,1, , , , , , , , , , , ,1, , , , ,1, , , ,30,30,30,30,30,30,30,30,30,30,30,30,30,30,30,30,30,30,30,9269,286,1277,126,79,16,4182,275,70,2621,251,630,397,1538,4963,751,0,366.5,483
X86,F11,02/19/07,HepG2_30min_X86_Col11rF_LPS__mTOR,1, , , , , , , , , , , ,1, , , , , ,1, , ,30,30,30,30,30,30,30,30,30,30,30,30,30,30,30,30,30,30,30,16710,133,1512,447,102,29,1739,219,71,4154,316,701,442,1044,4743,706,12,423,125
X87,G11,02/19/07,HepG2_30min_X87_Col11rG_LPS__GSK3,1, , , , , , , , , , , ,1, , , , , , ,1, ,30,30,30,30,30,30,30,30,30,30,30,30,30,30,30,30,30,30,30,13359,216,1535,495,100,27,3116,194,65,3866,320,676,414,1191,5528,699,22,391.6,163
X88,H11,02/19/07,HepG2_30min_X88_Col11rH_LPS__JNKi,1, , , , , , , , , , , ,1, , , , , , , ,1,30,30,30,30,30,30,30,30,30,30,30,30,30,30,30,30,30,30,30,8902,181,555,579,21,33,1292,217,39,1059,247,584,331,664,5993,450,0,383,196
X1,A1,02/19/07,HepG2_03hrs_X01_Col01rA_DMSO_NoInh,1, ,1, , , , , , , , , , ,1, , , , , , , ,180,180,180,180,180,180,180,180,180,180,180,180,180,180,180,180,180,180,180,6277,719,2141,453,42,36,2949,224,133,4883,290,660,281,1206,5620,682,0,294.8,137
X2,B1,02/19/07,HepG2_03hrs_X02_Col01rB_DMSO_MEKi,1, ,1, , , , , , , , , , , ,1, , , , , , ,180,180,180,180,180,180,180,180,180,180,180,180,180,180,180,180,180,180,180,11189,384,2464,404,89,22,2304,73,162,2299,258,860,405,1447,11498,1188,20,381.1,220
X3,C1,02/19/07,HepG2_03hrs_X03_Col01rC_DMSO_p38i,1, ,1, , , , , , , , , , , , ,1, , , , , ,180,180,180,180,180,180,180,180,180,180,180,180,180,180,180,180,180,180,180,8540,660,2255,488,58,23,3683,348,109,5884,247,742,340,1548,5817,878,0,372.9,147
X4,D1,02/19/07,HepG2_03hrs_X04_Col01rD_DMSO_PI3Ki,1, ,1, , , , , , , , , , , , , ,1, , , , ,180,180,180,180,180,180,180,180,180,180,180,180,180,180,180,180,180,180,180,4518,805,1364,383,38,48,2832,327,109,4373,227,748,296,1169,6761,512,0,357.8,175
X5,E1,02/19/07,HepG2_03hrs_X05_Col01rE_DMSO_IKKi,1, ,1, , , , , , , , , , , , , , ,1, , , ,180,180,180,180,180,180,180,180,180,180,180,180,180,180,180,180,180,180,180,7236,1034,2189,76,24,47,4556,279,104,2274,240,592,240,1730,5168,1501,0,332.7,418
X6,F1,02/19/07,HepG2_03hrs_X06_Col01rF_DMSO_mTOR,1, ,1, , , , , , , , , , , , , , , ,1, , ,180,180,180,180,180,180,180,180,180,180,180,180,180,180,180,180,180,180,180,8830,755,2048,412,28,39,2376,333,92,4493,301,657,277,1242,5781,766,0,368.4,168
X7,G1,02/19/07,HepG2_03hrs_X07_Col01rG_DMSO_GSK3,1, ,1, , , , , , , , , , , , , , , , ,1, ,180,180,180,180,180,180,180,180,180,180,180,180,180,180,180,180,180,180,180,9896,706,2893,599,32,94,3688,328,92,5596,332,734,311,1221,5711,771,2,400.5,133
X8,H1,02/19/07,HepG2_03hrs_X08_Col01rH_DMSO_JNKi,1, ,1, , , , , , , , , , , , , , , , , ,1,180,180,180,180,180,180,180,180,180,180,180,180,180,180,180,180,180,180,180,4618,853,657,345,22,40,896,218,59,588,130,426,208,699,5722,594,0,340.4,143
X9,A2,02/19/07,HepG2_03hrs_X09_Col02rA_FASL_NoInh,1, , ,1, , , , , , , , , ,1, , , , , , , ,180,180,180,180,180,180,180,180,180,180,180,180,180,180,180,180,180,180,180,7427,898,2638,488,71,80,4880,405,252,5868,391,872,368,1825,6610,925,10,291.9,146
X10,B2,02/19/07,HepG2_03hrs_X10_Col02rB_FASL_MEKi,1, , ,1, , , , , , , , , , ,1, , , , , , ,180,180,180,180,180,180,180,180,180,180,180,180,180,180,180,180,180,180,180,12092,325,2652,421,68,25,2497,58,260,2148,237,830,395,1526,11261,1146,0,389.2,250
X11,C2,02/19/07,HepG2_03hrs_X11_Col02rC_FASL_p38i,1, , ,1, , , , , , , , , , , ,1, , , , , ,180,180,180,180,180,180,180,180,180,180,180,180,180,180,180,180,180,180,180,9268,751,2525,492,70,29,3340,383,176,5790,298,777,417,1778,6126,1012,14,373.1,184
X12,D2,02/19/07,HepG2_03hrs_X12_Col02rD_FASL_PI3Ki,1, , ,1, , , , , , , , , , , , ,1, , , , ,180,180,180,180,180,180,180,180,180,180,180,180,180,180,180,180,180,180,180,5551,1088,1861,447,92,62,3278,389,192,5453,314,879,408,1615,7436,624,0,363.2,115
X13,E2,02/19/07,HepG2_03hrs_X13_Col02rE_FASL_IKKi,1, , ,1, , , , , , , , , , , , , ,1, , , ,180,180,180,180,180,180,180,180,180,180,180,180,180,180,180,180,180,180,180,8466,1225,3729,142,47,52,6180,434,170,2247,286,748,354,2159,5953,1753,0,316.6,551
X14,F2,02/19/07,HepG2_03hrs_X14_Col02rF_FASL_mTOR,1, , ,1, , , , , , , , , , , , , , ,1, , ,180,180,180,180,180,180,180,180,180,180,180,180,180,180,180,180,180,180,180,10976,1089,2988,598,107,69,3082,427,192,4944,400,855,432,1660,6596,928,3,355.2,201
X15,G2,02/19/07,HepG2_03hrs_X15_Col02rG_FASL_GSK3,1, , ,1, , , , , , , , , , , , , , , ,1, ,180,180,180,180,180,180,180,180,180,180,180,180,180,180,180,180,180,180,180,9679,870,3258,609,68,93,3729,304,199,6762,359,710,301,1625,5370,1057,0,406.5,206
X16,H2,02/19/07,HepG2_03hrs_X16_Col02rH_FASL_JNKi,1, , ,1, , , , , , , , , , , , , , , , ,1,180,180,180,180,180,180,180,180,180,180,180,180,180,180,180,180,180,180,180,3807,968,1137,477,34,51,1570,254,83,660,167,504,237,802,6415,612,0,342.7,176
X17,A3,02/19/07,HepG2_03hrs_X17_Col03rA_INFg_NoInh,1, , , ,1, , , , , , , , ,1, , , , , , , ,180,180,180,180,180,180,180,180,180,180,180,180,180,180,180,180,180,180,180,8170,1160,2094,383,79,83,4287,334,67,3602,344,873,394,1562,6190,767,0,308.5,132
X18,B3,02/19/07,HepG2_03hrs_X18_Col03rB_INFg_MEKi,1, , , ,1, , , , , , , , , ,1, , , , , , ,180,180,180,180,180,180,180,180,180,180,180,180,180,180,180,180,180,180,180,9973,403,2417,371,35,26,2514,48,83,1934,269,907,427,1721,11734,1222,14,390.2,155
X19,C3,02/19/07,HepG2_03hrs_X19_Col03rC_INFg_p38i,1, , , ,1, , , , , , , , , , ,1, , , , , ,180,180,180,180,180,180,180,180,180,180,180,180,180,180,180,180,180,180,180,9586,728,2447,448,51,34,3705,348,69,4763,247,897,434,1937,6703,1016,0,346.4,179
X20,D3,02/19/07,HepG2_03hrs_X20_Col03rD_INFg_PI3Ki,1, , , ,1, , , , , , , , , , , ,1, , , , ,180,180,180,180,180,180,180,180,180,180,180,180,180,180,180,180,180,180,180,5504,971,1768,357,66,45,3168,435,103,4013,275,959,379,1745,8046,697,6,357.6,127
X21,E3,02/19/07,HepG2_03hrs_X21_Col03rE_INFg_IKKi,1, , , ,1, , , , , , , , , , , , ,1, , , ,180,180,180,180,180,180,180,180,180,180,180,180,180,180,180,180,180,180,180,10134,1324,3811,163,50,52,7713,466,177,2471,322,794,388,2431,7029,1982,3,344.5,528
X22,F3,02/19/07,HepG2_03hrs_X22_Col03rF_INFg_mTOR,1, , , ,1, , , , , , , , , , , , , ,1, , ,180,180,180,180,180,180,180,180,180,180,180,180,180,180,180,180,180,180,180,9237,794,2487,466,81,77,3130,371,90,3593,339,772,395,1606,6172,830,2,377.3,138
X23,G3,02/19/07,HepG2_03hrs_X23_Col03rG_INFg_GSK3,1, , , ,1, , , , , , , , , , , , , , ,1, ,180,180,180,180,180,180,180,180,180,180,180,180,180,180,180,180,180,180,180,9441,659,2865,493,76,77,4389,326,125,6352,282,863,312,1468,5626,958,0,344.1,130
X24,H3,02/19/07,HepG2_03hrs_X24_Col03rH_INFg_JNKi,1, , , ,1, , , , , , , , , , , , , , , ,1,180,180,180,180,180,180,180,180,180,180,180,180,180,180,180,180,180,180,180,6762,1049,1237,365,62,47,2533,309,77,876,213,570,318,986,6933,803,4,358.5,179
X25,A4,02/19/07,HepG2_03hrs_X25_Col04rA_TNFa_NoInh,1, , , , ,1, , , , , , , ,1, , , , , , , ,180,180,180,180,180,180,180,180,180,180,180,180,180,180,180,180,180,180,180,8541,943,2973,4044,96,155,5429,342,132,8698,353,868,410,1924,5702,944,1,315.7,186
X26,B4,02/19/07,HepG2_03hrs_X26_Col04rB_TNFa_MEKi,1, , , , ,1, , , , , , , , ,1, , , , , , ,180,180,180,180,180,180,180,180,180,180,180,180,180,180,180,180,180,180,180,10541,337,2516,3211,79,35,3036,38,136,2957,260,859,425,1637,10909,1280,15,374.5,184
X27,C4,02/19/07,HepG2_03hrs_X27_Col04rC_TNFa_p38i,1, , , , ,1, , , , , , , , , ,1, , , , , ,180,180,180,180,180,180,180,180,180,180,180,180,180,180,180,180,180,180,180,10129,951,3101,4024,94,75,4643,400,140,9769,297,921,438,2093,6006,1261,0,377.3,153
X28,D4,02/19/07,HepG2_03hrs_X28_Col04rD_TNFa_PI3Ki,1, , , , ,1, , , , , , , , , , ,1, , , , ,180,180,180,180,180,180,180,180,180,180,180,180,180,180,180,180,180,180,180,6073,1150,1916,3682,119,205,4794,411,151,9256,354,943,485,1891,7351,738,0,368.3,162
X29,E4,02/19/07,HepG2_03hrs_X29_Col04rE_TNFa_IKKi,1, , , , ,1, , , , , , , , , , , ,1, , , ,180,180,180,180,180,180,180,180,180,180,180,180,180,180,180,180,180,180,180,7953,1482,4044,1110,110,169,7985,456,112,6176,361,680,377,2560,5953,2003,0,381.1,576
X30,F4,02/19/07,HepG2_03hrs_X30_Col04rF_TNFa_mTOR,1, , , , ,1, , , , , , , , , , , , ,1, , ,180,180,180,180,180,180,180,180,180,180,180,180,180,180,180,180,180,180,180,8959,948,2694,3573,69,142,3575,398,151,8224,347,830,332,1582,6274,861,13,349.6,136
X31,G4,02/19/07,HepG2_03hrs_X31_Col04rG_TNFa_GSK3,1, , , , ,1, , , , , , , , , , , , , ,1, ,180,180,180,180,180,180,180,180,180,180,180,180,180,180,180,180,180,180,180,10860,814,3337,3420,96,235,6150,449,150,12099,309,863,375,1798,5938,1062,5,382.1,184
X32,H4,02/19/07,HepG2_03hrs_X32_Col04rH_TNFa_JNKi,1, , , , ,1, , , , , , , , , , , , , , ,1,180,180,180,180,180,180,180,180,180,180,180,180,180,180,180,180,180,180,180,5791,928,1208,2144,25,91,1404,239,84,1276,189,477,254,805,6026,672,0,357.1,184
X33,A5,02/19/07,HepG2_03hrs_X33_Col05rA_IL1a_NoInh,1, , , , , ,1, , , , , , ,1, , , , , , , ,180,180,180,180,180,180,180,180,180,180,180,180,180,180,180,180,180,180,180,8569,1024,4094,5418,171,640,12403,410,481,19708,805,850,504,2955,5865,853,0,364.6,178
X34,B5,02/19/07,HepG2_03hrs_X34_Col05rB_IL1a_MEKi,1, , , , , ,1, , , , , , , ,1, , , , , , ,180,180,180,180,180,180,180,180,180,180,180,180,180,180,180,180,180,180,180,9402,201,3376,4963,127,241,7301,61,160,13281,337,806,527,2182,11861,1039,0,359.9,260
X35,C5,02/19/07,HepG2_03hrs_X35_Col05rC_IL1a_p38i,1, , , , , ,1, , , , , , , , ,1, , , , , ,180,180,180,180,180,180,180,180,180,180,180,180,180,180,180,180,180,180,180,9111,864,3398,6625,259,368,9766,286,295,18211,380,837,539,3483,5021,1180,0,376.4,123
X36,D5,02/19/07,HepG2_03hrs_X36_Col05rD_IL1a_PI3Ki,1, , , , , ,1, , , , , , , , , ,1, , , , ,180,180,180,180,180,180,180,180,180,180,180,180,180,180,180,180,180,180,180,5960,1849,2897,5563,184,769,9582,634,652,18763,1083,847,573,3010,8792,924,4,365.5,146
X37,E5,02/19/07,HepG2_03hrs_X37_Col05rE_IL1a_IKKi,1, , , , , ,1, , , , , , , , , , ,1, , , ,180,180,180,180,180,180,180,180,180,180,180,180,180,180,180,180,180,180,180,7242,2096,4106,1482,235,403,13936,602,61,18773,875,657,459,4010,11698,1430,9,326.1,476
X38,F5,02/19/07,HepG2_03hrs_X38_Col05rF_IL1a_mTOR,1, , , , , ,1, , , , , , , , , , , ,1, , ,180,180,180,180,180,180,180,180,180,180,180,180,180,180,180,180,180,180,180,8821,1119,3319,5441,166,552,6272,411,560,21153,830,821,544,2521,6557,764,9,356.6,185
X39,G5,02/19/07,HepG2_03hrs_X39_Col05rG_IL1a_GSK3,1, , , , , ,1, , , , , , , , , , , , ,1, ,180,180,180,180,180,180,180,180,180,180,180,180,180,180,180,180,180,180,180,9822,1037,3773,5494,216,703,9661,329,767,21747,858,681,499,2620,5576,977,0,405,171
X40,H5,02/19/07,HepG2_03hrs_X40_Col05rH_IL1a_JNKi,1, , , , , ,1, , , , , , , , , , , , , ,1,180,180,180,180,180,180,180,180,180,180,180,180,180,180,180,180,180,180,180,6038,1522,1841,8433,122,880,6201,343,411,13481,860,475,438,1717,7224,576,0,348.7,137
X41,A6,02/19/07,HepG2_03hrs_X41_Col06rA_IL06_NoInh,1, , , , , , ,1, , , , , ,1, , , , , , , ,180,180,180,180,180,180,180,180,180,180,180,180,180,180,180,180,180,180,180,8891,1110,3266,629,100,87,4639,357,1829,6124,373,811,353,1723,6410,948,9,366.9,207
X42,B6,02/19/07,HepG2_03hrs_X42_Col06rB_IL06_MEKi,1, , , , , , ,1, , , , , , ,1, , , , , , ,180,180,180,180,180,180,180,180,180,180,180,180,180,180,180,180,180,180,180,10526,236,2581,417,81,12,2822,84,2161,1447,194,736,326,1557,11547,968,2,372.6,165
X43,C6,02/19/07,HepG2_03hrs_X43_Col06rC_IL06_p38i,1, , , , , , ,1, , , , , , , ,1, , , , , ,180,180,180,180,180,180,180,180,180,180,180,180,180,180,180,180,180,180,180,8655,688,2288,586,80,35,3503,258,1751,6276,227,806,388,1692,5588,919,0,365,195
X44,D6,02/19/07,HepG2_03hrs_X44_Col06rD_IL06_PI3Ki,1, , , , , , ,1, , , , , , , , ,1, , , , ,180,180,180,180,180,180,180,180,180,180,180,180,180,180,180,180,180,180,180,6362,1324,1798,469,66,74,3914,392,2248,6386,328,980,445,1976,8207,791,0,368.3,144
X45,E6,02/19/07,HepG2_03hrs_X45_Col06rE_IL06_IKKi,1, , , , , , ,1, , , , , , , , , ,1, , , ,180,180,180,180,180,180,180,180,180,180,180,180,180,180,180,180,180,180,180,9701,1471,3632,144,78,77,7766,479,1194,3434,316,809,352,2572,6586,1884,18,367.9,568
X46,F6,02/19/07,HepG2_03hrs_X46_Col06rF_IL06_mTOR,1, , , , , , ,1, , , , , , , , , , ,1, , ,180,180,180,180,180,180,180,180,180,180,180,180,180,180,180,180,180,180,180,9230,803,2158,443,51,32,2106,281,1384,4117,255,641,257,1304,5196,578,0,333.9,159
X47,G6,02/19/07,HepG2_03hrs_X47_Col06rG_IL06_GSK3,1, , , , , , ,1, , , , , , , , , , , ,1, ,180,180,180,180,180,180,180,180,180,180,180,180,180,180,180,180,180,180,180,10829,764,3342,651,77,89,4390,397,1510,7823,259,830,348,1648,5470,969,0,409.9,222
X48,H6,02/19/07,HepG2_03hrs_X48_Col06rH_IL06_JNKi,1, , , , , , ,1, , , , , , , , , , , , ,1,180,180,180,180,180,180,180,180,180,180,180,180,180,180,180,180,180,180,180,3843,793,859,341,8,27,813,194,1093,657,153,349,205,712,4947,441,0,383.5,174
X49,A7,02/19/07,HepG2_03hrs_X49_Col07rA_IGF1_NoInh,1, , , , , , , ,1, , , , ,1, , , , , , , ,180,180,180,180,180,180,180,180,180,180,180,180,180,180,180,180,180,180,180,22369,1447,7438,801,85,140,11507,446,107,7104,422,836,374,2281,8596,906,0,337.1,176
X50,B7,02/19/07,HepG2_03hrs_X50_Col07rB_IGF1_MEKi,1, , , , , , , ,1, , , , , ,1, , , , , , ,180,180,180,180,180,180,180,180,180,180,180,180,180,180,180,180,180,180,180,23093,356,7336,530,105,22,4752,89,115,2033,240,836,388,1570,16553,1130,0,393.5,178
X51,C7,02/19/07,HepG2_03hrs_X51_Col07rC_IGF1_p38i,1, , , , , , , ,1, , , , , , ,1, , , , , ,180,180,180,180,180,180,180,180,180,180,180,180,180,180,180,180,180,180,180,21715,1240,7159,597,74,56,10212,410,100,7125,276,812,396,2391,8086,966,0,373.5,172
X52,D7,02/19/07,HepG2_03hrs_X52_Col07rD_IGF1_PI3Ki,1, , , , , , , ,1, , , , , , , ,1, , , , ,180,180,180,180,180,180,180,180,180,180,180,180,180,180,180,180,180,180,180,9063,1410,3673,422,79,75,4694,516,89,6480,331,1005,399,1858,9821,687,0,359,201
X53,E7,02/19/07,HepG2_03hrs_X53_Col07rE_IGF1_IKKi,1, , , , , , , ,1, , , , , , , , ,1, , , ,180,180,180,180,180,180,180,180,180,180,180,180,180,180,180,180,180,180,180,23347,1802,7974,163,69,116,13668,489,99,2573,477,658,348,3082,7478,1663,3,361.3,603
X54,F7,02/19/07,HepG2_03hrs_X54_Col07rF_IGF1_mTOR,1, , , , , , , ,1, , , , , , , , , ,1, , ,180,180,180,180,180,180,180,180,180,180,180,180,180,180,180,180,180,180,180,23565,1328,7905,620,74,107,4782,573,113,6542,437,831,333,1880,10076,722,10,377.8,252
X55,G7,02/19/07,HepG2_03hrs_X55_Col07rG_IGF1_GSK3,1, , , , , , , ,1, , , , , , , , , , ,1, ,180,180,180,180,180,180,180,180,180,180,180,180,180,180,180,180,180,180,180,22980,1228,8031,822,78,88,9474,544,170,9941,376,873,334,2180,8384,945,0,385.4,286
X56,H7,02/19/07,HepG2_03hrs_X56_Col07rH_IGF1_JNKi,1, , , , , , , ,1, , , , , , , , , , , ,1,180,180,180,180,180,180,180,180,180,180,180,180,180,180,180,180,180,180,180,15113,1413,3861,514,4,58,2902,402,68,736,252,328,181,920,7900,524,0,345,170
X57,A8,02/19/07,HepG2_03hrs_X57_Col08rA_TGFa_NoInh,1, , , , , , , , ,1, , , ,1, , , , , , , ,180,180,180,180,180,180,180,180,180,180,180,180,180,180,180,180,180,180,180,8024,2506,4968,2031,198,272,15315,929,533,20909,726,790,409,4977,17724,647,0,342.7,155
X58,B8,02/19/07,HepG2_03hrs_X58_Col08rB_TGFa_MEKi,1, , , , , , , , ,1, , , , ,1, , , , , , ,180,180,180,180,180,180,180,180,180,180,180,180,180,180,180,180,180,180,180,16614,519,5455,1178,152,115,5769,132,149,13329,286,914,448,2422,24656,1416,27,398.3,164
X59,C8,02/19/07,HepG2_03hrs_X59_Col08rC_TGFa_p38i,1, , , , , , , , ,1, , , , , ,1, , , , , ,180,180,180,180,180,180,180,180,180,180,180,180,180,180,180,180,180,180,180,9588,2560,4532,1827,256,132,13859,1113,479,20984,535,846,432,5564,17798,712,3,392.1,151
X60,D8,02/19/07,HepG2_03hrs_X60_Col08rD_TGFa_PI3Ki,1, , , , , , , , ,1, , , , , , ,1, , , , ,180,180,180,180,180,180,180,180,180,180,180,180,180,180,180,180,180,180,180,5660,2719,3522,1660,203,235,9406,970,357,17302,690,990,473,4054,21362,548,3,365,117
X61,E8,02/19/07,HepG2_03hrs_X61_Col08rE_TGFa_IKKi,1, , , , , , , , ,1, , , , , , , ,1, , , ,180,180,180,180,180,180,180,180,180,180,180,180,180,180,180,180,180,180,180,8128,4700,6065,243,82,333,17670,1432,59,7784,1300,944,354,6768,20827,1460,0,333,458
X62,F8,02/19/07,HepG2_03hrs_X62_Col08rF_TGFa_mTOR,1, , , , , , , , ,1, , , , , , , , ,1, , ,180,180,180,180,180,180,180,180,180,180,180,180,180,180,180,180,180,180,180,8349,2431,3825,1791,152,174,8901,941,554,19766,791,810,414,3673,14726,602,0,396.9,157
X63,G8,02/19/07,HepG2_03hrs_X63_Col08rG_TGFa_GSK3,1, , , , , , , , ,1, , , , , , , , , ,1, ,180,180,180,180,180,180,180,180,180,180,180,180,180,180,180,180,180,180,180,9527,2781,5395,2037,185,215,12787,975,722,21149,819,829,359,4925,15915,680,5,417.6,258
X64,H8,02/19/07,HepG2_03hrs_X64_Col08rH_TGFa_JNKi,1, , , , , , , , ,1, , , , , , , , , , ,1,180,180,180,180,180,180,180,180,180,180,180,180,180,180,180,180,180,180,180,4267,3112,2486,1835,77,127,8244,835,398,3821,508,512,194,2677,16393,367,0,380.6,92
X65,A9,02/19/07,HepG2_03hrs_X65_Col09rA_TGFb_NoInh,1, , , , , , , , , ,1, , ,1, , , , , , , ,180,180,180,180,180,180,180,180,180,180,180,180,180,180,180,180,180,180,180,7850,684,2744,655,75,63,4047,241,98,8884,279,783,321,1506,4633,763,0,340.8,116
X66,B9,02/19/07,HepG2_03hrs_X66_Col09rB_TGFb_MEKi,1, , , , , , , , , ,1, , , ,1, , , , , , ,180,180,180,180,180,180,180,180,180,180,180,180,180,180,180,180,180,180,180,11106,262,2598,398,40,13,2348,41,110,2502,210,728,324,1366,10566,1130,3,389.2,392
X67,C9,02/19/07,HepG2_03hrs_X67_Col09rC_TGFb_p38i,1, , , , , , , , , ,1, , , , ,1, , , , , ,180,180,180,180,180,180,180,180,180,180,180,180,180,180,180,180,180,180,180,10022,846,2603,566,63,33,4383,291,98,7631,242,895,444,1786,5174,1013,0,371.2,174
X68,D9,02/19/07,HepG2_03hrs_X68_Col09rD_TGFb_PI3Ki,1, , , , , , , , , ,1, , , , , ,1, , , , ,180,180,180,180,180,180,180,180,180,180,180,180,180,180,180,180,180,180,180,6449,1224,1637,446,58,62,3551,392,119,6865,285,862,350,1579,7821,577,0,361.8,115
X69,E9,02/19/07,HepG2_03hrs_X69_Col09rE_TGFb_IKKi,1, , , , , , , , , ,1, , , , , , ,1, , , ,180,180,180,180,180,180,180,180,180,180,180,180,180,180,180,180,180,180,180,9397,1134,3508,126,29,54,7155,414,96,2087,248,757,322,2196,6359,1690,0,352,522
X70,F9,02/19/07,HepG2_03hrs_X70_Col09rF_TGFb_mTOR,1, , , , , , , , , ,1, , , , , , , ,1, , ,180,180,180,180,180,180,180,180,180,180,180,180,180,180,180,180,180,180,180,9427,933,2582,554,53,59,3201,369,125,8275,305,794,331,1470,5781,743,18,359.4,189
X71,G9,02/19/07,HepG2_03hrs_X71_Col09rG_TGFb_GSK3,1, , , , , , , , , ,1, , , , , , , , ,1, ,180,180,180,180,180,180,180,180,180,180,180,180,180,180,180,180,180,180,180,9195,842,3387,815,75,69,3412,340,181,11723,265,760,370,1365,4754,996,0,387.3,132
X72,H9,02/19/07,HepG2_03hrs_X72_Col09rH_TGFb_JNKi,1, , , , , , , , , ,1, , , , , , , , , ,1,180,180,180,180,180,180,180,180,180,180,180,180,180,180,180,180,180,180,180,3372,983,940,431,42,33,83,248,102,953,153,402,165,697,4486,508,0,347.8,151
X73,A10,02/19/07,HepG2_03hrs_X73_Col10rA_HGF__NoInh,1, , , , , , , , , , ,1, ,1, , , , , , , ,180,180,180,180,180,180,180,180,180,180,180,180,180,180,180,180,180,180,180,8501,1014,2615,604,69,95,4362,423,135,6302,324,821,402,1754,7629,903,2,324.8,172
X74,B10,02/19/07,HepG2_03hrs_X74_Col10rB_HGF__MEKi,1, , , , , , , , , , ,1, , ,1, , , , , , ,180,180,180,180,180,180,180,180,180,180,180,180,180,180,180,180,180,180,180,12741,553,2807,431,93,19,2637,89,143,2139,212,957,454,1734,14837,1181,41,389.7,155
X75,C10,02/19/07,HepG2_03hrs_X75_Col10rC_HGF__p38i,1, , , , , , , , , , ,1, , , ,1, , , , , ,180,180,180,180,180,180,180,180,180,180,180,180,180,180,180,180,180,180,180,10020,1088,3040,524,69,23,4897,384,102,5971,218,916,399,2069,8385,979,0,381.6,196
X76,D10,02/19/07,HepG2_03hrs_X76_Col10rD_HGF__PI3Ki,1, , , , , , , , , , ,1, , , , ,1, , , , ,180,180,180,180,180,180,180,180,180,180,180,180,180,180,180,180,180,180,180,6866,975,1652,298,41,43,3018,375,115,4402,189,755,305,1651,10316,498,0,354.3,86
X77,E10,02/19/07,HepG2_03hrs_X77_Col10rE_HGF__IKKi,1, , , , , , , , , , ,1, , , , , ,1, , , ,180,180,180,180,180,180,180,180,180,180,180,180,180,180,180,180,180,180,180,11028,1339,4126,97,54,63,8834,594,106,2308,235,859,391,2685,9028,2152,0,380.2,536
X78,F10,02/19/07,HepG2_03hrs_X78_Col10rF_HGF__mTOR,1, , , , , , , , , , ,1, , , , , , ,1, , ,180,180,180,180,180,180,180,180,180,180,180,180,180,180,180,180,180,180,180,9518,1136,2530,361,45,43,3470,400,93,3848,229,825,402,1753,8328,787,0,382.1,124
X79,G10,02/19/07,HepG2_03hrs_X79_Col10rG_HGF__GSK3,1, , , , , , , , , , ,1, , , , , , , ,1, ,180,180,180,180,180,180,180,180,180,180,180,180,180,180,180,180,180,180,180,10500,1011,3313,587,54,85,4320,365,147,7413,256,718,304,1525,7336,894,3,399.7,173
X80,H10,02/19/07,HepG2_03hrs_X80_Col10rH_HGF__JNKi,1, , , , , , , , , , ,1, , , , , , , , ,1,180,180,180,180,180,180,180,180,180,180,180,180,180,180,180,180,180,180,180,5836,940,747,371,30,40,1188,220,74,612,125,406,181,711,7106,489,0,335.8,110
X81,A11,02/19/07,HepG2_03hrs_X81_Col11rA_LPS__NoInh,1, , , , , , , , , , , ,1,1, , , , , , , ,180,180,180,180,180,180,180,180,180,180,180,180,180,180,180,180,180,180,180,9000,887,2608,531,84,54,3792,305,114,5059,318,987,418,1747,6466,919,16,317.5,151
X82,B11,02/19/07,HepG2_03hrs_X82_Col11rB_LPS__MEKi,1, , , , , , , , , , , ,1, ,1, , , , , , ,180,180,180,180,180,180,180,180,180,180,180,180,180,180,180,180,180,180,180,10285,278,2485,340,58,24,2668,29,152,1666,176,867,398,1497,10535,1043,0,349.2,186
X83,C11,02/19/07,HepG2_03hrs_X83_Col11rC_LPS__p38i,1, , , , , , , , , , , ,1, , ,1, , , , , ,180,180,180,180,180,180,180,180,180,180,180,180,180,180,180,180,180,180,180,9866,855,2408,430,73,26,4293,301,126,5281,202,933,440,1777,5835,1109,0,391.6,205
X84,D11,02/19/07,HepG2_03hrs_X84_Col11rD_LPS__PI3Ki,1, , , , , , , , , , , ,1, , , ,1, , , , ,180,180,180,180,180,180,180,180,180,180,180,180,180,180,180,180,180,180,180,5394,984,1334,546,69,43,2653,288,130,4409,233,1011,376,1349,7327,661,10,366.5,128
X85,E11,02/19/07,HepG2_03hrs_X85_Col11rE_LPS__IKKi,1, , , , , , , , , , , ,1, , , , ,1, , , ,180,180,180,180,180,180,180,180,180,180,180,180,180,180,180,180,180,180,180,9228,1010,3349,79,39,41,6291,362,117,2441,202,717,338,2325,5955,2050,0,370.2,483
X86,F11,02/19/07,HepG2_03hrs_X86_Col11rF_LPS__mTOR,1, , , , , , , , , , , ,1, , , , , ,1, , ,180,180,180,180,180,180,180,180,180,180,180,180,180,180,180,180,180,180,180,11971,977,2855,521,91,88,2381,361,142,5470,275,885,373,1604,7088,890,22,393,125
X87,G11,02/19/07,HepG2_03hrs_X87_Col11rG_LPS__GSK3,1, , , , , , , , , , , ,1, , , , , , ,1, ,180,180,180,180,180,180,180,180,180,180,180,180,180,180,180,180,180,180,180,8924,723,2175,508,26,56,3062,273,99,5051,215,573,227,1101,5422,652,0,378.7,163
X88,H11,02/19/07,HepG2_03hrs_X88_Col11rH_LPS__JNKi,1, , , , , , , , , , , ,1, , , , , , , ,1,180,180,180,180,180,180,180,180,180,180,180,180,180,180,180,180,180,180,180,2418,725,797,359,0,17,361,184,64,397,90,290,189,779,5595,448,0,360.8,196
