TR:mock:CellLine,TR:IFNG,TR:TNFA,TR:IL1A,TR:IL6,TR:IGF1,TR:TGFA,TR:lps,TR:MP2K2/MP2K1i,TR:p38i,TR:pi3ki,TR:ikki,TR:MTORi,TR:GSK3A/GSK3Bi,TR:MK08/MK09i,DA:akt,DA:MK03/MK01,DA:GSK3A/GSK3B,DA:IKBA,DA:KS6B1,DA:KS6A1,DA:STAT3,DA:JUN,DA:creb,DA:HSPB1,DA:IRS1_s,DA:MP2K2/MP2K1,DV:akt,DV:MK03/MK01,DV:GSK3A/GSK3B,DV:IKBA,DV:KS6B1,DV:KS6A1,DV:STAT3,DV:JUN,DV:creb,DV:HSPB1,DV:IRS1_s,DV:MP2K2/MP2K1
1,0,0,0,0,0,0,0,0,0,0,0,0,0,0,0,0,0,0,0,0,0,0,0,0,0,0,0,0,0,0,0,0,0,0,0,0,0,0
1,1,0,0,0,0,0,0,0,0,0,0,0,0,0,0,0,0,0,0,0,0,0,0,0,0,0,0,0,0,0,0,0,0,0,0,0,0,0
1,0,1,0,0,0,0,0,0,0,0,0,0,0,0,0,0,0,0,0,0,0,0,0,0,0,0,0,0,0,0,0,0,0,0,0,0,0,0
1,0,0,1,0,0,0,0,0,0,0,0,0,0,0,0,0,0,0,0,0,0,0,0,0,0,0,0,0,0,0,0,0,0,0,0,0,0,0
1,0,0,0,1,0,0,0,0,0,0,0,0,0,0,0,0,0,0,0,0,0,0,0,0,0,0,0,0,0,0,0,0,0,0,0,0,0,0
1,0,0,0,0,1,0,0,0,0,0,0,0,0,0,0,0,0,0,0,0,0,0,0,0,0,0,0,0,0,0,0,0,0,0,0,0,0,0
1,0,0,0,0,0,1,0,0,0,0,0,0,0,0,0,0,0,0,0,0,0,0,0,0,0,0,0,0,0,0,0,0,0,0,0,0,0,0
1,0,0,0,0,0,0,1,0,0,0,0,0,0,0,0,0,0,0,0,0,0,0,0,0,0,0,0,0,0,0,0,0,0,0,0,0,0,0
1,0,0,0,0,0,0,0,1,0,0,0,0,0,0,0,0,0,0,0,0,0,0,0,0,0,0,0,0,0,0,0,0,0,0,0,0,0,0
1,1,0,0,0,0,0,0,1,0,0,0,0,0,0,0,0,0,0,0,0,0,0,0,0,0,0,0,0,0,0,0,0,0,0,0,0,0,0
1,0,1,0,0,0,0,0,1,0,0,0,0,0,0,0,0,0,0,0,0,0,0,0,0,0,0,0,0,0,0,0,0,0,0,0,0,0,0
1,0,0,1,0,0,0,0,1,0,0,0,0,0,0,0,0,0,0,0,0,0,0,0,0,0,0,0,0,0,0,0,0,0,0,0,0,0,0
1,0,0,0,1,0,0,0,1,0,0,0,0,0,0,0,0,0,0,0,0,0,0,0,0,0,0,0,0,0,0,0,0,0,0,0,0,0,0
1,0,0,0,0,1,0,0,1,0,0,0,0,0,0,0,0,0,0,0,0,0,0,0,0,0,0,0,0,0,0,0,0,0,0,0,0,0,0
1,0,0,0,0,0,1,0,1,0,0,0,0,0,0,0,0,0,0,0,0,0,0,0,0,0,0,0,0,0,0,0,0,0,0,0,0,0,0
1,0,0,0,0,0,0,1,1,0,0,0,0,0,0,0,0,0,0,0,0,0,0,0,0,0,0,0,0,0,0,0,0,0,0,0,0,0,0
1,0,0,0,0,0,0,0,0,1,0,0,0,0,0,0,0,0,0,0,0,0,0,0,0,0,0,0,0,0,0,0,0,0,0,0,0,0,0
1,1,0,0,0,0,0,0,0,1,0,0,0,0,0,0,0,0,0,0,0,0,0,0,0,0,0,0,0,0,0,0,0,0,0,0,0,0,0
1,0,1,0,0,0,0,0,0,1,0,0,0,0,0,0,0,0,0,0,0,0,0,0,0,0,0,0,0,0,0,0,0,0,0,0,0,0,0
1,0,0,1,0,0,0,0,0,1,0,0,0,0,0,0,0,0,0,0,0,0,0,0,0,0,0,0,0,0,0,0,0,0,0,0,0,0,0
1,0,0,0,1,0,0,0,0,1,0,0,0,0,0,0,0,0,0,0,0,0,0,0,0,0,0,0,0,0,0,0,0,0,0,0,0,0,0
1,0,0,0,0,1,0,0,0,1,0,0,0,0,0,0,0,0,0,0,0,0,0,0,0,0,0,0,0,0,0,0,0,0,0,0,0,0,0
1,0,0,0,0,0,1,0,0,1,0,0,0,0,0,0,0,0,0,0,0,0,0,0,0,0,0,0,0,0,0,0,0,0,0,0,0,0,0
1,0,0,0,0,0,0,1,0,1,0,0,0,0,0,0,0,0,0,0,0,0,0,0,0,0,0,0,0,0,0,0,0,0,0,0,0,0,0
1,0,0,0,0,0,0,0,0,0,1,0,0,0,0,0,0,0,0,0,0,0,0,0,0,0,0,0,0,0,0,0,0,0,0,0,0,0,0
1,1,0,0,0,0,0,0,0,0,1,0,0,0,0,0,0,0,0,0,0,0,0,0,0,0,0,0,0,0,0,0,0,0,0,0,0,0,0
1,0,1,0,0,0,0,0,0,0,1,0,0,0,0,0,0,0,0,0,0,0,0,0,0,0,0,0,0,0,0,0,0,0,0,0,0,0,0
1,0,0,1,0,0,0,0,0,0,1,0,0,0,0,0,0,0,0,0,0,0,0,0,0,0,0,0,0,0,0,0,0,0,0,0,0,0,0
1,0,0,0,1,0,0,0,0,0,1,0,0,0,0,0,0,0,0,0,0,0,0,0,0,0,0,0,0,0,0,0,0,0,0,0,0,0,0
1,0,0,0,0,1,0,0,0,0,1,0,0,0,0,0,0,0,0,0,0,0,0,0,0,0,0,0,0,0,0,0,0,0,0,0,0,0,0
1,0,0,0,0,0,1,0,0,0,1,0,0,0,0,0,0,0,0,0,0,0,0,0,0,0,0,0,0,0,0,0,0,0,0,0,0,0,0
1,0,0,0,0,0,0,1,0,0,1,0,0,0,0,0,0,0,0,0,0,0,0,0,0,0,0,0,0,0,0,0,0,0,0,0,0,0,0
1,0,0,0,0,0,0,0,0,0,0,1,0,0,0,0,0,0,0,0,0,0,0,0,0,0,0,0,0,0,0,0,0,0,0,0,0,0,0
1,1,0,0,0,0,0,0,0,0,0,1,0,0,0,0,0,0,0,0,0,0,0,0,0,0,0,0,0,0,0,0,0,0,0,0,0,0,0
1,0,1,0,0,0,0,0,0,0,0,1,0,0,0,0,0,0,0,0,0,0,0,0,0,0,0,0,0,0,0,0,0,0,0,0,0,0,0
1,0,0,1,0,0,0,0,0,0,0,1,0,0,0,0,0,0,0,0,0,0,0,0,0,0,0,0,0,0,0,0,0,0,0,0,0,0,0
1,0,0,0,1,0,0,0,0,0,0,1,0,0,0,0,0,0,0,0,0,0,0,0,0,0,0,0,0,0,0,0,0,0,0,0,0,0,0
1,0,0,0,0,1,0,0,0,0,0,1,0,0,0,0,0,0,0,0,0,0,0,0,0,0,0,0,0,0,0,0,0,0,0,0,0,0,0
1,0,0,0,0,0,1,0,0,0,0,1,0,0,0,0,0,0,0,0,0,0,0,0,0,0,0,0,0,0,0,0,0,0,0,0,0,0,0
1,0,0,0,0,0,0,1,0,0,0,1,0,0,0,0,0,0,0,0,0,0,0,0,0,0,0,0,0,0,0,0,0,0,0,0,0,0,0
1,0,0,0,0,0,0,0,0,0,0,0,1,0,0,0,0,0,0,0,0,0,0,0,0,0,0,0,0,0,0,0,0,0,0,0,0,0,0
1,1,0,0,0,0,0,0,0,0,0,0,1,0,0,0,0,0,0,0,0,0,0,0,0,0,0,0,0,0,0,0,0,0,0,0,0,0,0
1,0,1,0,0,0,0,0,0,0,0,0,1,0,0,0,0,0,0,0,0,0,0,0,0,0,0,0,0,0,0,0,0,0,0,0,0,0,0
1,0,0,1,0,0,0,0,0,0,0,0,1,0,0,0,0,0,0,0,0,0,0,0,0,0,0,0,0,0,0,0,0,0,0,0,0,0,0
1,0,0,0,1,0,0,0,0,0,0,0,1,0,0,0,0,0,0,0,0,0,0,0,0,0,0,0,0,0,0,0,0,0,0,0,0,0,0
1,0,0,0,0,1,0,0,0,0,0,0,1,0,0,0,0,0,0,0,0,0,0,0,0,0,0,0,0,0,0,0,0,0,0,0,0,0,0
1,0,0,0,0,0,1,0,0,0,0,0,1,0,0,0,0,0,0,0,0,0,0,0,0,0,0,0,0,0,0,0,0,0,0,0,0,0,0
1,0,0,0,0,0,0,1,0,0,0,0,1,0,0,0,0,0,0,0,0,0,0,0,0,0,0,0,0,0,0,0,0,0,0,0,0,0,0
1,0,0,0,0,0,0,0,0,0,0,0,0,1,0,0,0,0,0,0,0,0,0,0,0,0,0,0,0,0,0,0,0,0,0,0,0,0,0
1,1,0,0,0,0,0,0,0,0,0,0,0,1,0,0,0,0,0,0,0,0,0,0,0,0,0,0,0,0,0,0,0,0,0,0,0,0,0
1,0,1,0,0,0,0,0,0,0,0,0,0,1,0,0,0,0,0,0,0,0,0,0,0,0,0,0,0,0,0,0,0,0,0,0,0,0,0
1,0,0,1,0,0,0,0,0,0,0,0,0,1,0,0,0,0,0,0,0,0,0,0,0,0,0,0,0,0,0,0,0,0,0,0,0,0,0
1,0,0,0,1,0,0,0,0,0,0,0,0,1,0,0,0,0,0,0,0,0,0,0,0,0,0,0,0,0,0,0,0,0,0,0,0,0,0
1,0,0,0,0,1,0,0,0,0,0,0,0,1,0,0,0,0,0,0,0,0,0,0,0,0,0,0,0,0,0,0,0,0,0,0,0,0,0
1,0,0,0,0,0,1,0,0,0,0,0,0,1,0,0,0,0,0,0,0,0,0,0,0,0,0,0,0,0,0,0,0,0,0,0,0,0,0
1,0,0,0,0,0,0,1,0,0,0,0,0,1,0,0,0,0,0,0,0,0,0,0,0,0,0,0,0,0,0,0,0,0,0,0,0,0,0
1,0,0,0,0,0,0,0,0,0,0,0,0,0,1,0,0,0,0,0,0,0,0,0,0,0,0,0,0,0,0,0,0,0,0,0,0,0,0
1,1,0,0,0,0,0,0,0,0,0,0,0,0,1,0,0,0,0,0,0,0,0,0,0,0,0,0,0,0,0,0,0,0,0,0,0,0,0
1,0,1,0,0,0,0,0,0,0,0,0,0,0,1,0,0,0,0,0,0,0,0,0,0,0,0,0,0,0,0,0,0,0,0,0,0,0,0
1,0,0,1,0,0,0,0,0,0,0,0,0,0,1,0,0,0,0,0,0,0,0,0,0,0,0,0,0,0,0,0,0,0,0,0,0,0,0
1,0,0,0,1,0,0,0,0,0,0,0,0,0,1,0,0,0,0,0,0,0,0,0,0,0,0,0,0,0,0,0,0,0,0,0,0,0,0
1,0,0,0,0,1,0,0,0,0,0,0,0,0,1,0,0,0,0,0,0,0,0,0,0,0,0,0,0,0,0,0,0,0,0,0,0,0,0
1,0,0,0,0,0,1,0,0,0,0,0,0,0,1,0,0,0,0,0,0,0,0,0,0,0,0,0,0,0,0,0,0,0,0,0,0,0,0
1,0,0,0,0,0,0,1,0,0,0,0,0,0,1,0,0,0,0,0,0,0,0,0,0,0,0,0,0,0,0,0,0,0,0,0,0,0,0
1,0,0,0,0,0,0,0,0,0,0,0,0,0,0,30,30,30,30,30,30,30,30,30,30,30,30,0.186966397305402,-0.0625902900908964,-0.0557937651662725,0.0516468744844447,0.079913467670513,0.0721029621646531,0.00100132028925236,NA,-0.00560060055865538,0.0487976566101798,-9.0172139507846e-05,-0.00113969116223434
1,1,0,0,0,0,0,0,0,0,0,0,0,0,0,30,30,30,30,30,30,30,30,30,30,30,30,-0.00665990351810212,0.000393318792009827,0.000106021691991269,-0.00412356547417902,-0.0138162204513057,0.110998990918264,0.00621889409772078,-0.0390163618523464,-0.0121345724080048,0.0164497702308355,-0.00913942537290154,0.000358562140607138
1,0,1,0,0,0,0,0,0,0,0,0,0,0,0,30,30,30,30,30,30,30,30,30,30,30,30,0.659655106544509,0.0370997118865125,0.324362220073834,0.79615198988453,0.703983508262558,0.534298200992216,-0.00186260872679948,NA,0.497165199253845,NA,0.54223916614798,0.529302460726428
1,0,0,1,0,0,0,0,0,0,0,0,0,0,0,30,30,30,30,30,30,30,30,30,30,30,30,0.846299547186017,0.353587143242375,0.337150964079287,0.823401952140388,0.810132715359369,0.696011356052631,-0.00730781811125441,NA,0.650696599919655,NA,0.828773839637312,0.754151394182319
1,0,0,0,1,0,0,0,0,0,0,0,0,0,0,30,30,30,30,30,30,30,30,30,30,30,30,0.637766754624647,0.750397837260053,0.723716356626033,0.163121958518406,0.747614637990926,0.742904747148991,0.907485268296851,NA,0.518115694958415,0.684081024552533,0.755909098662112,0.815587955505471
1,0,0,0,0,1,0,0,0,0,0,0,0,0,0,30,30,30,30,30,30,30,30,30,30,30,30,0.164410578078991,-0.00122531204479053,-0.0645020056517641,0.000838379482748646,0.312150975179767,-0.00481794395970447,-0.00980993255671367,4.64991017705449e-05,-0.00519785253542181,-0.0131168446531274,0.0857965596875714,0.0583891330309489
1,0,0,0,0,0,1,0,0,0,0,0,0,0,0,30,30,30,30,30,30,30,30,30,30,30,30,NA,0.804122254189012,0.822276820802436,0.197008196091797,0.890658962409908,0.853454984911184,0.00879166884714009,NA,0.670581665343889,NA,0.866225378407311,NA
1,0,0,0,0,0,0,1,0,0,0,0,0,0,0,30,30,30,30,30,30,30,30,30,30,30,30,0.672715912062004,0.249210157250311,0.47042449307487,0.895141134547392,0.645768016515575,0.237746655285485,0.00879166884714009,NA,0.536822155062538,NA,0.325913844654817,0.371001627245548
1,0,0,0,0,0,0,0,1,0,0,0,0,0,0,30,30,30,30,30,30,30,30,30,30,30,30,0.215970991634146,-0.0311288491630143,-0.209986271742352,0.0563011151798157,0.182461788476185,-0.00219960627687064,0.00432853209528007,0.00300429995186578,0.0353688304043539,-0.00372901391565558,-0.00738106688814925,NA
1,1,0,0,0,0,0,0,1,0,0,0,0,0,0,30,30,30,30,30,30,30,30,30,30,30,30,-0.0960749572329152,0.163731933634445,0.139269908091909,0.343545689136317,-0.115264297271382,0.119630463978856,0.0224468252908987,-0.0076817143488007,0.00150210518825775,-0.00275035960056658,-0.0167833381817567,-0.00281605564002642
1,0,1,0,0,0,0,0,1,0,0,0,0,0,0,30,30,30,30,30,30,30,30,30,30,30,30,0.376083150554123,-0.00608537072975688,0.481305318182364,0.794954387370845,0.728894599240732,0.377623726889237,0.0979620333153158,NA,0.623996390617464,NA,0.611701571948647,-0.00880104444879978
1,0,0,1,0,0,0,0,1,0,0,0,0,0,0,30,30,30,30,30,30,30,30,30,30,30,30,0.84429509989209,0.0138869805418032,0.733748325886507,0.890273797382396,0.84058205040371,0.475156306873483,0.00108128262490679,NA,0.804918851870207,NA,0.80692175386681,-0.0769829235282161
1,0,0,0,1,0,0,0,1,0,0,0,0,0,0,30,30,30,30,30,30,30,30,30,30,30,30,0.7915037173228,0.0216803057141088,0.325715456381253,0.530955030150591,0.561851755181147,0.304560475875744,0.909085316725876,NA,0.165237273365356,0.175180281635444,0.198853298093326,NA
1,0,0,0,0,1,0,0,1,0,0,0,0,0,0,30,30,30,30,30,30,30,30,30,30,30,30,0.813750730729698,-0.00608537072975688,0.0535193955142164,0.522895191994827,0.529250687454566,0.219303485800087,0.00938499822253821,NA,0.175037965235286,0.000938056484239272,0.0341719041748136,0.0218305150108631
1,0,0,0,0,0,1,0,1,0,0,0,0,0,0,30,30,30,30,30,30,30,30,30,30,30,30,NA,0.52087790227904,0.778768377156735,0.417107554386724,0.874816624182936,0.743730073892418,0.051547855833008,NA,0.710885806285156,0.802092393031242,0.823697305729413,NA
1,0,0,0,0,0,0,1,1,0,0,0,0,0,0,30,30,30,30,30,30,30,30,30,30,30,30,0.775591553085077,-0.00608537072975688,0.187578069613373,0.885967791422457,0.75398782731691,-0.061254438168088,0.00666679166901046,0.00601309108061703,0.000844626125308759,NA,0.00434877569345014,-0.0213015562550982
1,0,0,0,0,0,0,0,0,1,0,0,0,0,0,30,30,30,30,30,30,30,30,30,30,30,30,0.141584166752488,-0.0732760022367927,-0.214089744159992,0.102841112714484,0.126556749678511,0.0107040092077499,0.0219688051649979,0.0408281645125929,0.0845344571510423,0.0493843394562654,0.00558727585381652,-0.0118107094461848
1,1,0,0,0,0,0,0,0,1,0,0,0,0,0,30,30,30,30,30,30,30,30,30,30,30,30,-0.0769535949823349,-0.0176749861182154,0.0100731815998764,0.177234694151332,0.0428230133191821,0.000756388250692677,0.0354714750221697,-0.000239761998962055,0.0285197544207367,0.190208111685393,0.036237790601927,0.0542172513992303
1,0,1,0,0,0,0,0,0,1,0,0,0,0,0,30,30,30,30,30,30,30,30,30,30,30,30,0.0521950962895653,-0.0743946680162853,-0.0531810393314873,0.759819876083231,0.6198276565746,0.24160434026982,-0.00392400510120663,NA,0.35416119594386,0.366484956246092,0.606994850427879,0.223361155554552
1,0,0,1,0,0,0,0,0,1,0,0,0,0,0,30,30,30,30,30,30,30,30,30,30,30,30,0.848785490854629,0.342538498715804,0.117063877180046,0.813969631282228,0.81825811085796,0.703044575426006,-0.00266293712300783,NA,0.767058705175079,0.853953194700354,0.842392791299695,0.734746782847327
1,0,0,0,1,0,0,0,0,1,0,0,0,0,0,30,30,30,30,30,30,30,30,30,30,30,30,0.714587291294998,0.573053260232541,0.461077589418014,0.596287755161588,0.80062019012162,0.759101753177382,0.901430256207961,NA,0.438176904789574,0.178256325211991,0.722332210870269,0.80341343429059
1,0,0,0,0,1,0,0,0,1,0,0,0,0,0,30,30,30,30,30,30,30,30,30,30,30,30,0.521304315251582,-0.076684391136151,-0.108927090754785,0.411329471791393,0.337286319527058,-0.00291808686220465,0.00983548972542591,0.0446529646451093,0.211676331100189,0.12129311832175,0.0145265551161596,0.0061512247209252
1,0,0,0,0,0,1,0,0,1,0,0,0,0,0,30,30,30,30,30,30,30,30,30,30,30,30,0.841499822450495,0.852565541596228,0.824976255862008,0.627656377813939,0.892348189409169,0.906785301884016,-0.00392400510120663,NA,0.808567047156721,0.432422984969766,0.90323573850747,NA
1,0,0,0,0,0,0,1,0,1,0,0,0,0,0,30,30,30,30,30,30,30,30,30,30,30,30,0.694735402540592,-0.0109777470691986,-0.0512914640144065,0.873638538510402,0.730576193383471,0.353063386140016,-0.000190463119477795,NA,0.475989880518149,0.564040535293907,0.599414465833383,0.328532801280817
1,0,0,0,0,0,0,0,0,0,1,0,0,0,0,30,30,30,30,30,30,30,30,30,30,30,30,0.306837853932909,-0.0690821306027084,-0.0148452317271215,0.372345728269294,0.200177661377437,0.162105047578232,0.0156296335060268,0.098271439306265,0.14146964451277,0.109113308972886,-0.0108889229321935,0.0120752656420887
1,1,0,0,0,0,0,0,0,0,1,0,0,0,0,30,30,30,30,30,30,30,30,30,30,30,30,0.0111651907912644,-0.0676189908104577,0.141384191161481,0.12427338600151,0.495308424549465,0.0010175871058467,0.069575686959899,0.000876287846389891,0.087756406757876,-0.00415507067014539,0.0306953258449877,0.140069338258671
1,0,1,0,0,0,0,0,0,0,1,0,0,0,0,30,30,30,30,30,30,30,30,30,30,30,30,0.258969816359138,-0.000529985770470936,0.146824403518702,0.763002840043422,0.711714339976792,0.243600179752199,0.00244673259251708,NA,0.678374374486593,NA,0.524031570823578,0.406206768488354
1,0,0,1,0,0,0,0,0,0,1,0,0,0,0,30,30,30,30,30,30,30,30,30,30,30,30,0.714401339420687,0.548083968932528,0.778433877010031,0.889102918790257,0.849112575638674,0.736578638385573,0.00244673259251708,NA,0.868975680616689,NA,0.822889719750916,0.770793321498457
1,0,0,0,1,0,0,0,0,0,1,0,0,0,0,30,30,30,30,30,30,30,30,30,30,30,30,0.0281910332091063,0.502813839351269,0.244860460417247,0.258189966217627,0.573664467617991,0.581073761409706,0.885267673188908,0.130033702731809,0.312810707532694,0.428962244998093,0.367118563712562,0.738513996175202
1,0,0,0,0,1,0,0,0,0,1,0,0,0,0,30,30,30,30,30,30,30,30,30,30,30,30,0.490106068727355,-0.0388230985227689,0.0991880292180341,0.321849219079062,0.504176885049008,0.120106826054055,0.0293750735553725,0.10321454236807,0.454596315327031,0.00676405568283696,0.00273845207186363,0.109582143125264
1,0,0,0,0,0,1,0,0,0,1,0,0,0,0,30,30,30,30,30,30,30,30,30,30,30,30,0.547757273472651,0.869147334024499,0.861018729586248,0.519356633721084,0.86022370118493,0.881876527324946,0.025918644879898,NA,0.857160437611505,NA,0.855774199428101,NA
1,0,0,0,0,0,0,1,0,0,1,0,0,0,0,30,30,30,30,30,30,30,30,30,30,30,30,0.674125656117531,0.31598183680293,0.342653409041627,0.905031420520819,0.752326697699777,0.514672931772116,0.000265733436146865,NA,0.767680153757699,NA,0.554418953116029,0.623965524523691
1,0,0,0,0,0,0,0,0,0,0,1,0,0,0,30,30,30,30,30,30,30,30,30,30,30,30,0.447862361446448,-0.0825516247932102,-0.0418723814144495,0.228503698938499,0.206109807023589,0.0805475125032903,0.00607636738906089,0.0516346384980168,0.0171361799001808,-0.0070317638412875,0.000315799301365733,0.00427489037934605
1,1,0,0,0,0,0,0,0,0,0,1,0,0,0,30,30,30,30,30,30,30,30,30,30,30,30,-0.00295627194460608,-0.00039990523869979,-0.00531263031025278,0.184583137835337,0.0286764507469181,-0.0499969860998927,0.0609149163818163,0.0626485629788199,-0.000997495772824105,-0.130646815015025,0.00102459390382972,0.0996895286917341
1,0,1,0,0,0,0,0,0,0,0,1,0,0,0,30,30,30,30,30,30,30,30,30,30,30,30,0.701282715035874,0.140010151241099,0.293036434894854,0.763482415667765,0.664526600809501,0.254827143927497,0.0159668631192408,NA,0.555390509242865,NA,0.468493929335569,0.374308991792701
1,0,0,1,0,0,0,0,0,0,0,1,0,0,0,30,30,30,30,30,30,30,30,30,30,30,30,0.659184799658411,0.259445435721187,0.529035346854582,0.614747519125294,0.539034070784664,0.225985728208006,-0.00127922945237692,0.102050297743385,0.374416996316555,NA,0.51380736901172,0.559190631815929
1,0,0,0,1,0,0,0,0,0,0,1,0,0,0,30,30,30,30,30,30,30,30,30,30,30,30,0.672975570863591,0.709162822278867,0.666842409564243,0.283969539239394,0.538412000405335,0.711770721889331,0.907629701117325,NA,0.425389007949779,NA,0.48165593303841,0.771053442119837
1,0,0,0,0,1,0,0,0,0,0,1,0,0,0,30,30,30,30,30,30,30,30,30,30,30,30,0.457578176788491,-0.0818303355527647,-0.0101874807945267,0.0551908303598328,0.105688998233684,-0.0211613089979285,0.0159668631192408,NA,0.0197230334213002,-0.101261567920094,-0.0434733131766136,0.114156465458441
1,0,0,0,0,0,1,0,0,0,0,1,0,0,0,30,30,30,30,30,30,30,30,30,30,30,30,0.817881561295779,0.891789083228166,0.834026628727423,0.188864730187886,0.809064278559673,0.85324505519056,-0.00257705437316284,NA,0.755287123087594,NA,0.805144811525122,NA
1,0,0,0,0,0,0,1,0,0,0,1,0,0,0,30,30,30,30,30,30,30,30,30,30,30,30,0.807340952950362,0.0262729968612086,0.215752709833763,0.88396965856441,0.737863475741783,0.550389680193496,0.0195167128795622,NA,0.712264647597547,NA,0.595650130648374,0.331281960887616
1,0,0,0,0,0,0,0,0,0,0,0,1,0,0,30,30,30,30,30,30,30,30,30,30,30,30,0.399045625830543,-0.0702353371540056,-0.0413217592647253,0.120821193294941,0.151551075630727,0.0641605916124406,0.00108128262490679,0.062405427707084,0.0476841476645686,0.0158815754650581,0.000691096408212554,0.0124007619107
1,1,0,0,0,0,0,0,0,0,0,0,1,0,0,30,30,30,30,30,30,30,30,30,30,30,30,0.597239169581055,-0.019210449629579,0.0168874893586407,0.279195500690583,0.501279284904958,0.286786723461684,0.118229403763852,0.121476027046205,0.0704231295220016,0.00332688441345729,0.16334636720703,0.200177737885706
1,0,1,0,0,0,0,0,0,0,0,0,1,0,0,30,30,30,30,30,30,30,30,30,30,30,30,0.746009548901172,-0.0132807913711473,0.0992792685172766,0.780370214810034,0.741007923542838,0.503584615814993,0.00108128262490679,NA,0.679983993605181,NA,0.566232030663389,0.493502481117825
1,0,0,1,0,0,0,0,0,0,0,0,1,0,0,30,30,30,30,30,30,30,30,30,30,30,30,0.880619687668186,0.354059125199567,0.500646566238009,0.839987552704856,0.819085601872364,0.637829067040604,-0.00466397145649469,NA,0.828980769717212,NA,0.801986340383998,0.746361362420225
1,0,0,0,1,0,0,0,0,0,0,0,1,0,0,30,30,30,30,30,30,30,30,30,30,30,30,0.805060845071784,0.612829532667018,0.362929583872301,0.12384108798281,0.742478148276636,0.714872225775246,0.883209941526698,0.132111409677135,0.61478154241424,0.723417497833548,0.684854402614352,0.811044020776939
1,0,0,0,0,1,0,0,0,0,0,0,1,0,0,30,30,30,30,30,30,30,30,30,30,30,30,0.776880370670009,-0.0748838135311245,0.0172726691972478,0.256874284085502,0.0879640637884656,0.0918609673780473,-0.000938658656779462,0.0381616597369397,0.0873689213376344,-0.0416188651534947,0.0255967636382847,0.0120654638706027
1,0,0,0,0,0,1,0,0,0,0,0,1,0,0,30,30,30,30,30,30,30,30,30,30,30,30,0.862188315983864,0.833501118062726,0.772330274576173,0.352091305656234,0.842688148471842,0.85834273773184,-0.00197795405377563,NA,0.797572948226953,NA,0.870200917240105,NA
1,0,0,0,0,0,0,1,0,0,0,0,1,0,0,30,30,30,30,30,30,30,30,30,30,30,30,0.777448791507323,-0.0165868301478655,-0.0263810448256234,0.87355505370403,0.72878452310952,0.430887324804967,0.00244673259251708,NA,0.641919790548572,NA,0.593812122102036,0.368037902654864
1,0,0,0,0,0,0,0,0,0,0,0,0,1,0,30,30,30,30,30,30,30,30,30,30,30,30,0.205831458941841,-0.0630263589448556,-0.148523490846621,0.102092164281374,0.0891169833086294,0.0286788221100179,0.0253058065384551,0.010003252066019,0.00577733003869686,0.00107224284654826,0.00489516636792302,-2.20507338780125e-06
1,1,0,0,0,0,0,0,0,0,0,0,0,1,0,30,30,30,30,30,30,30,30,30,30,30,30,-0.0492147718187158,-0.0878713424953775,-0.179333790318584,-0.0231718083680564,0.231268313934049,-0.00681597859083648,0.110830329540644,-0.000691009788441849,-0.0743862476309398,-0.078974508497824,-0.0428342904721631,0.0091497195050069
1,0,1,0,0,0,0,0,0,0,0,0,0,1,0,30,30,30,30,30,30,30,30,30,30,30,30,0.569476775141984,-0.0606031455918426,0.0082879292847953,0.709984595994959,0.559899979059451,-0.000197792221589098,-0.0152843745237381,-0.000310220756548414,0.171902953756454,NA,0.510236374640237,0.221915490011787
1,0,0,1,0,0,0,0,0,0,0,0,0,1,0,30,30,30,30,30,30,30,30,30,30,30,30,0.861086740497443,0.189382865275049,0.506903388960869,0.860854150338366,0.818699398137469,0.629064704836115,0.000200975007920369,NA,0.791586403637592,NA,0.790972064237452,0.711660955883758
1,0,0,0,1,0,0,0,0,0,0,0,0,1,0,30,30,30,30,30,30,30,30,30,30,30,30,0.721581743689042,0.608008570379241,0.134242277967787,0.20393179100565,0.666767605944786,0.547546691969758,0.88171321026533,NA,0.415673663011794,0.508322164090587,0.642565110274881,0.785503188824797
1,0,0,0,0,1,0,0,0,0,0,0,0,1,0,30,30,30,30,30,30,30,30,30,30,30,30,0.387405736590376,-0.0854834012654045,-0.00546557415219514,0.00642602965137914,0.447091013443314,-0.0163494895879566,-0.000733557475895412,0.0112058816384431,-0.019725174629312,-0.129025799524501,0.0514871844126826,0.0390711889412067
1,0,0,0,0,0,1,0,0,0,0,0,0,1,0,30,30,30,30,30,30,30,30,30,30,30,30,0.794836016840209,0.828357379439433,0.787702449588304,0.0204139730567324,0.844736847625935,0.852691329650274,-0.00949100754075421,NA,0.74068579464588,NA,0.856287055911292,NA
1,0,0,0,0,0,0,1,0,0,0,0,0,1,0,30,30,30,30,30,30,30,30,30,30,30,30,0.551299847493669,-0.0397482795775767,1.01516536668351e-05,0.837968166679271,0.64281034138486,0.0992909534221098,-0.0119036029508966,NA,0.30551723323497,NA,0.483972173332507,0.172314015315743
1,0,0,0,0,0,0,0,0,0,0,0,0,0,1,30,30,30,30,30,30,30,30,30,30,30,30,0.303845416896985,-0.0168180520911617,-0.0195854865546158,0.337418776571663,0.102918661840568,0.227263538234316,0.0139191564147627,0.0818789456506615,0.158480336061679,0.0830987148244005,0.0302094209407476,0.0535234903552748
1,1,0,0,0,0,0,0,0,0,0,0,0,0,1,30,30,30,30,30,30,30,30,30,30,30,30,-0.00215843227750312,0.0367631116414831,-1.14268126967582e-05,0.477232431743337,0.144708332066903,0.0687557795878356,0.0337123745819398,0.0387592808619004,0.214441094632517,-0.0123309922678676,0.121760831733917,0.0603963358699848
1,0,1,0,0,0,0,0,0,0,0,0,0,0,1,30,30,30,30,30,30,30,30,30,30,30,30,0.686796384043148,0.0942913643281725,0.348745192990231,0.755068947217295,0.61983288193409,0.299082346282896,0.021015761821366,0.411718322308649,0.545476418191568,NA,0.568350796736654,0.400322011071465
1,0,0,1,0,0,0,0,0,0,0,0,0,0,1,30,30,30,30,30,30,30,30,30,30,30,30,0.859730660305276,0.331191611249638,0.474733426054706,0.828347850756406,0.763698241038027,0.641147030622908,0.00187402394586153,0.642539805151229,0.802887272352262,NA,0.768526516879991,0.63198766703181
1,0,0,0,1,0,0,0,0,0,0,0,0,0,1,30,30,30,30,30,30,30,30,30,30,30,30,0.16415100078481,0.250141947795916,0.155325014114181,0.320149593594787,0.492848881226818,0.480669720994392,0.904668454974432,0.249283809930602,0.144864656540491,-0.00617226259080123,0.432116125087607,0.397968660557654
1,0,0,0,0,1,0,0,0,0,0,0,0,0,1,30,30,30,30,30,30,30,30,30,30,30,30,0.606347551215813,-0.0198471303689404,0.0514998663892525,0.0263083596612677,0.31031605626902,0.292093555074927,0.0139191564147627,0.0455389414100908,0.190270054116651,-0.2604423608874,-0.000976698982337491,0.00778650112008527
1,0,0,0,0,0,1,0,0,0,0,0,0,0,1,30,30,30,30,30,30,30,30,30,30,30,30,0.67174445404583,0.859383083357277,0.752469509018256,0.216265426017315,0.823296551825004,0.781365799499558,-0.00429338103756708,0.268370204812714,0.645002003040471,0.637532738073817,0.810459349306387,NA
1,0,0,0,0,0,0,1,0,0,0,0,0,0,1,30,30,30,30,30,30,30,30,30,30,30,30,0.494383258709237,0.252969127286736,0.132071011898126,0.812797145215439,0.536751998922025,0.236325178960245,0.0103853457825605,0.284434352485191,0.0817918444573472,NA,0.378803662481496,0.25744452536886
1,0,0,0,0,0,0,0,0,0,0,0,0,0,0,180,180,180,180,180,180,180,180,180,180,180,180,-0.164148777974011,0.0994129421022823,0.0616618038088332,-0.0473333767960667,-0.0714907437977991,-0.056833147384052,-0.000230511962953435,-0.00260081886346373,0.00528342358638224,-0.0462861744054276,9.05645024112186e-05,0.0011656202264451
1,1,0,0,0,0,0,0,0,0,0,0,0,0,0,180,180,180,180,180,180,180,180,180,180,180,180,-0.332727596864142,-0.00332336076561711,0.215903998971034,-0.201467504608624,-0.0809854873012236,-0.120460582363058,0.0351624511082138,-0.0767392454391019,-0.050009946063638,-0.0498529611663935,0.087004349219997,0.0254303508881078
1,0,1,0,0,0,0,0,0,0,0,0,0,0,0,180,180,180,180,180,180,180,180,180,180,180,180,-0.000432923434357559,0.345992297258007,0.59817002098725,0.841093307868309,0.519453502496419,0.185173239247158,0.0116710857781799,NA,0.185391449293717,0.55610653361435,0.41879865343544,0.248084968862429
1,0,0,1,0,0,0,0,0,0,0,0,0,0,0,180,180,180,180,180,180,180,180,180,180,180,180,-0.0313353895282919,0.0240018885441795,0.628264432268657,0.809283516995745,0.643042360222683,0.167312309273387,0.159511781698026,NA,0.131586798192298,0.808006594967762,0.561436472134817,0.403894240704202
1,0,0,0,1,0,0,0,0,0,0,0,0,0,0,180,180,180,180,180,180,180,180,180,180,180,180,0.168430714875346,0.17249300020811,0.680367346134697,0.16733736878554,0.601796082193671,0.110998990918264,0.805373430027266,NA,0.168246840242297,0.547040653583723,0.64789279255876,0.604416464026859
1,0,0,0,0,1,0,0,0,0,0,0,0,0,0,180,180,180,180,180,180,180,180,180,180,180,180,0.171310801256793,0.00461747291107615,0.505603952763851,0.0516468744844447,0.0801284731208607,-0.0152199762187872,0.050980637331519,NA,-7.80314297337288e-06,-0.0163387662746794,0.200228966865376,0.156620428701866
1,0,0,0,0,0,1,0,0,0,0,0,0,0,0,180,180,180,180,180,180,180,180,180,180,180,180,-0.0423183925859315,0.823451548918186,0.835752818051086,0.633238726795348,0.831252950534134,0.785451128421981,0.00621889409772078,NA,0.0267310635208613,0.600160753515934,0.865775968073508,NA
1,0,0,0,0,0,0,1,0,0,0,0,0,0,0,180,180,180,180,180,180,180,180,180,180,180,180,-0.270558842257367,0.0620959249657309,0.465678409573909,0.830808809592916,0.173876266320797,-0.00769910782183285,0.207491341329498,NA,0.190572207965881,0.811247835496057,0.424953970281249,0.435025836763906
1,0,0,0,0,0,0,0,1,0,0,0,0,0,0,180,180,180,180,180,180,180,180,180,180,180,180,-0.181512479636126,0.0970624903186276,0.301152183006599,-0.0490128413443433,-0.146724093244111,0.00234306416397087,-0.00466397145649469,-0.00298693415120577,-0.034731214575911,0.0037858181058315,0.00725453617216888,-0.0400546912093497
1,1,0,0,0,0,0,0,1,0,0,0,0,0,0,180,180,180,180,180,180,180,180,180,180,180,180,-0.310695725764686,0.0780141989427399,0.0550311107527873,-0.128789485962187,-0.108658804979069,0.0754728691793256,0.0543578044651467,-0.178159103052814,-0.135230166430718,-0.0915358490164962,0.0103228233467686,-0.281973698814322
1,0,1,0,0,0,0,0,1,0,0,0,0,0,0,180,180,180,180,180,180,180,180,180,180,180,180,0.157775438410241,0.217285368327722,0.611188962383321,0.825838743633474,0.554812317454155,0.411652690461753,0.069575686959899,NA,0.322351518416126,0.630195898559606,0.505976255963034,-0.0709063636695062
1,0,0,1,0,0,0,0,1,0,0,0,0,0,0,180,180,180,180,180,180,180,180,180,180,180,180,0.601299707262058,0.0452065136911157,0.758953632378241,0.845929812180722,0.747620684346411,0.354084496152208,0.290102161780572,NA,0.387058035395643,NA,0.632074476845186,-0.0801130303062775
1,0,0,0,1,0,0,0,1,0,0,0,0,0,0,180,180,180,180,180,180,180,180,180,180,180,180,0.55485950799946,0.0282730637271325,0.71563283754334,0.418924123053677,0.690029602528947,0.00529812289161613,0.817702124041111,NA,0.165237273365356,0.698528876624916,0.485880705493567,-0.0777614988737702
1,0,0,0,0,1,0,0,1,0,0,0,0,0,0,180,180,180,180,180,180,180,180,180,180,180,180,0.398559797866052,0.0282730637271325,0.456261207284974,0.13269323101604,0.294074522531372,0.0408043967354371,0.00108128262490679,NA,-0.0391851499173914,0.143442223897569,0.000187580615901522,-0.0994693637662905
1,0,0,0,0,0,1,0,1,0,0,0,0,0,0,180,180,180,180,180,180,180,180,180,180,180,180,0.454645896072425,0.534818504070418,0.800542358425769,0.699686969656449,0.792493863626936,0.77211021046323,0.0905456995284078,NA,0.163287022259036,0.623067601919383,0.823165662390559,NA
1,0,0,0,0,0,0,1,1,0,0,0,0,0,0,180,180,180,180,180,180,180,180,180,180,180,180,0.121183404592005,0.132640726339257,0.40154705332679,0.869877448566454,0.632323682906853,0.0408043967354371,0.275909310187002,NA,0.364386390763714,NA,0.52226900403951,-0.0922657639549615
1,0,0,0,0,0,0,0,0,1,0,0,0,0,0,180,180,180,180,180,180,180,180,180,180,180,180,-0.125835809134609,0.148842672282862,0.302882054135812,-0.0826766644931619,-0.104955826541952,-0.00990327390584417,-0.0119036029508966,-0.0399226871954913,-0.0790818556971488,-0.0411630541181717,-0.00577447094309359,0.0126639627218419
1,1,0,0,0,0,0,0,0,1,0,0,0,0,0,180,180,180,180,180,180,180,180,180,180,180,180,-0.330031001158982,0.10827185811449,0.0331068828832228,-0.155562203959641,-0.132349439197642,-0.0528901993912901,0.0663401258251053,-0.0280413777478889,-0.0251158195189905,-0.0363193822277642,0.168781972901454,0.0639337673353095
1,0,1,0,0,0,0,0,0,1,0,0,0,0,0,180,180,180,180,180,180,180,180,180,180,180,180,-0.0635639568063474,0.317572137064787,0.533196809816066,0.816923924748689,0.487229012879582,0.0875096554988011,0.0187110187110187,NA,0.0210986761729523,0.0530764047412153,0.455765056317605,0.208629258253628
1,0,0,1,0,0,0,0,0,1,0,0,0,0,0,180,180,180,180,180,180,180,180,180,180,180,180,0.0961534404007622,0.202379247049261,0.734522278640437,0.852042192851758,0.750687210812544,0.519005764071878,0.230966310748476,NA,0.0898848633454981,0.519934826464128,0.730745578273623,0.594368168625594
1,0,0,0,1,0,0,0,0,1,0,0,0,0,0,180,180,180,180,180,180,180,180,180,180,180,180,0.159644955619452,0.188776616594415,0.576605707908187,0.332194426486555,0.680082774813431,-0.0220898210367806,0.837796887237642,NA,0.0131124565389486,0.0844171518707736,0.498569588216915,0.617987544058042
1,0,0,0,0,1,0,0,0,1,0,0,0,0,0,180,180,180,180,180,180,180,180,180,180,180,180,0.0549718237745206,0.0868815404230353,0.477217658728424,-0.0135096407889367,0.112371994713177,-0.00367696261672351,0.00514287551026968,NA,-0.0150382774524572,0.101357960643997,0.22167992894576,0.270920547766176
1,0,0,0,0,0,1,0,0,1,0,0,0,0,0,180,180,180,180,180,180,180,180,180,180,180,180,0.170776390337581,0.856795789830599,0.898329351891576,0.735443812468204,0.855189011195637,0.870494419846674,0.00330441091196975,NA,0.302457001082241,0.434268446747975,0.889032630911929,NA
1,0,0,0,0,0,0,1,0,1,0,0,0,0,0,180,180,180,180,180,180,180,180,180,180,180,180,-0.0645664684749007,0.386389401657853,0.561019106892591,0.868923491099149,0.710401778218834,0.452441022281601,0.288999088260802,NA,0.17967081506778,0.620339963267163,0.696328961221671,0.564192924771194
1,0,0,0,0,0,0,0,0,0,1,0,0,0,0,180,180,180,180,180,180,180,180,180,180,180,180,-0.212931448669297,0.160677171298933,0.0154934227820987,-0.190272255645855,-0.130847439717229,-0.108067929755455,-0.00980258679373723,-0.0944851755734529,-0.123510489421823,-0.0993943095727337,0.0123591460452554,-0.0113475705926272
1,1,0,0,0,0,0,0,0,0,1,0,0,0,0,180,180,180,180,180,180,180,180,180,180,180,180,-0.227185991721423,0.0868357622871007,0.10685963608702,-0.138792933636559,0.263158138581072,0.00229809462253418,0.069575686959899,-0.139296430655887,-0.047430650641738,-0.044586755126074,0.328521165502027,0.0559256486872252
1,0,1,0,0,0,0,0,0,0,1,0,0,0,0,180,180,180,180,180,180,180,180,180,180,180,180,0.00527331562118411,0.158785728038521,0.539903293795006,0.753239194227601,0.604105226146968,0.136819238725999,0.00938499822253821,0.0441441420084816,0.116744461920816,0.502048461833721,0.53748686972743,0.136578771025773
1,0,0,1,0,0,0,0,0,0,1,0,0,0,0,180,180,180,180,180,180,180,180,180,180,180,180,0.238163139891185,0.0173913011329301,0.598802278451167,0.781131771363941,0.710561612835489,0.334206553783194,0.183803561902293,NA,0.485875321916199,0.841783262811213,0.6572914297961,0.498796571106984
1,0,0,0,1,0,0,0,0,0,1,0,0,0,0,180,180,180,180,180,180,180,180,180,180,180,180,0.327569805879145,0.113331956988645,0.614684597636933,-0.0670152682246844,0.619140434880943,0.0108222759472606,0.83361684361876,0.0528855425127791,0.147811358560902,0.607814975852549,0.462803157624095,0.631629617408179
1,0,0,0,0,1,0,0,0,0,1,0,0,0,0,180,180,180,180,180,180,180,180,180,180,180,180,0.441311577097743,0.154977693044682,0.589203498275347,-0.122872387032321,0.347659937599606,0.0278431098499125,0.00432853209528007,0.0720655144974131,-0.0205453723864334,0.461789520467763,0.253778869363983,0.356133401096614
1,0,0,0,0,0,1,0,0,0,1,0,0,0,0,180,180,180,180,180,180,180,180,180,180,180,180,0.431166947476705,0.852520596874985,0.879767668962382,0.565898965042371,0.829347278442045,0.815141483976111,-0.00197795405377563,NA,0.365257747134981,0.670754101169465,0.869715642640027,NA
1,0,0,0,0,0,0,1,0,0,1,0,0,0,0,180,180,180,180,180,180,180,180,180,180,180,180,0.320025109138328,0.175492361704921,0.604394969513355,0.819621746197159,0.597063108879995,0.32794985549434,0.235004565202971,NA,0.413702223810465,NA,0.576440071662358,0.519883501885279
1,0,0,0,0,0,0,0,0,0,0,1,0,0,0,180,180,180,180,180,180,180,180,180,180,180,180,-0.303139935048292,0.172706543268013,0.0469610220614889,-0.0589708930552161,-0.174435131467752,-0.0638092168868837,-0.00401925894913125,-0.0502139324065386,-0.0161029302001006,NA,-0.000313893516124407,-0.00404605705366347
1,1,0,0,0,0,0,0,0,0,0,1,0,0,0,180,180,180,180,180,180,180,180,180,180,180,180,-0.304059538219599,0.285686131830659,0.000189226098291318,-0.0676782021698635,-0.114485781070038,-0.0347002269954755,0.0819364760949515,-0.207986336201808,-0.115996427267487,-0.018220459523136,-0.0209685868795367,-0.0683910343695011
1,0,1,0,0,0,0,0,0,0,0,1,0,0,0,180,180,180,180,180,180,180,180,180,180,180,180,0.0759583435679463,0.421811245986322,0.524240452645214,0.5162011707277,0.156160606789335,0.0805475125032903,-0.00401925894913125,-2.72192257602237e-06,0.000290857306126877,NA,0.276527879434234,0.0524124344396768
1,0,0,1,0,0,0,0,0,0,0,1,0,0,0,180,180,180,180,180,180,180,180,180,180,180,180,-0.0344987588666982,0.441817565332332,0.678600641613484,0.780250713116574,0.474970189150517,0.311626702421732,0.00350608473923495,NA,-0.104996387752939,NA,0.630987495449952,0.105630863668174
1,0,0,0,1,0,0,0,0,0,0,1,0,0,0,180,180,180,180,180,180,180,180,180,180,180,180,0.108702469915983,0.563569779446584,0.686273831881971,-0.0301578965520104,0.481395898268523,0.0874341618728795,0.826393154840363,0.00972089418059248,0.224743956766919,NA,0.428522135698346,0.360021993777829
1,0,0,0,0,1,0,0,0,0,0,1,0,0,0,180,180,180,180,180,180,180,180,180,180,180,180,0.00034788749898764,0.248185776487663,0.44627896272312,-0.0673541944443489,0.0373079872098341,0.000444124445603868,0.000386557464183035,-0.000396405106034479,0.00171646967928474,NA,0.000534012799643138,-9.35861350035304e-07
1,0,0,0,0,0,1,0,0,0,0,1,0,0,0,180,180,180,180,180,180,180,180,180,180,180,180,0.283991778800284,0.908690387458636,0.857191103183687,0,0.770912013600354,0.830347570369949,-0.00257705437316284,NA,0.468497411980623,NA,0.776522798832235,NA
1,0,0,0,0,0,0,1,0,0,0,1,0,0,0,180,180,180,180,180,180,180,180,180,180,180,180,0.0016043507030878,0.527286005880029,0.688592120691608,0.806547339587772,0.010658329728667,0.0238521308946493,-0.00401925894913125,NA,-0.185464400089832,NA,0.569869352973312,0.329718650766674
1,0,0,0,0,0,0,0,0,0,0,0,1,0,0,180,180,180,180,180,180,180,180,180,180,180,180,-0.284523541209939,0.125205019266871,0.0456137155391751,-0.0897745424366053,-0.0995173050814663,-0.0527646377618551,-0.000938658656779462,-0.0604713335443749,-0.0448238723701252,-0.0152658160597382,-0.000538684921922933,-0.0113680146467836
1,1,0,0,0,0,0,0,0,0,0,0,1,0,0,180,180,180,180,180,180,180,180,180,180,180,180,-0.292557817909414,0.176877005383855,0.0248968807520308,-0.154845990689084,0.231576349042563,-0.00244554833779136,0.0597252477429266,-0.150536304410705,-0.105407815280391,-0.201259182323892,0.12537451043231,0.000208523187125611
1,0,1,0,0,0,0,0,0,0,0,0,1,0,0,180,180,180,180,180,180,180,180,180,180,180,180,-0.0913620760449078,0.214005534803304,0.643356211785399,0.736640570671336,0.366230908530697,0.286786723461684,0.00666679166901046,0.0605312726195538,-0.00167056398537862,0.301944776009393,0.417497628404602,0.0460268287885602
1,0,0,1,0,0,0,0,0,0,0,0,1,0,0,180,180,180,180,180,180,180,180,180,180,180,180,-0.0678682425292473,0.010971645899754,0.559274650934608,0.800934719728771,0.445421327063404,0.087746844399765,0.126051284715908,NA,0.166951718363328,0.802006796895064,0.549101563840961,0.262530782459863
1,0,0,0,1,0,0,0,0,0,0,0,1,0,0,180,180,180,180,180,180,180,180,180,180,180,180,0.289921525726958,0.125205019266871,0.686671482984528,0.0428860293644257,0.118112968241237,-0.00793514764820745,0.743738284489937,0.0176579973633915,-0.000744833362464321,0.357601682919805,0.178465792790296,0.342941927265689
1,0,0,0,0,1,0,0,0,0,0,0,1,0,0,180,180,180,180,180,180,180,180,180,180,180,180,0.244080907963788,0.279896982360659,0.700998729573639,0.000288211537466975,0.200801611292635,0.314516849223831,0.00666679166901046,0.071774899693595,0.00141952172865317,0.231909274414211,0.274134691280429,0.128886790517432
1,0,0,0,0,0,1,0,0,0,0,0,1,0,0,180,180,180,180,180,180,180,180,180,180,180,180,0.379920840857086,0.889680406569717,0.89201748200393,0.592205308385591,0.824823756260587,0.856102139549553,0.00938499822253821,NA,0.4681079406705,0.80877315485285,0.860306293404903,NA
1,0,0,0,0,0,0,1,0,0,0,0,1,0,0,180,180,180,180,180,180,180,180,180,180,180,180,0.631768854347227,0.270849181571134,0.769379100377204,0.855913984311111,0.605101724057825,0.468628287520145,0.21609079445145,NA,0.420010835103374,NA,0.628942627922439,0.580654543983593
1,0,0,0,0,0,0,0,0,0,0,0,0,1,0,180,180,180,180,180,180,180,180,180,180,180,180,-0.172265063846669,0.0995447101750805,0.183800032248551,-0.0838365710842426,-0.0773182397680852,-0.0251132139951284,-0.0129051111955346,-0.00991827367545128,-0.00567881059654652,-0.00108181168291935,-0.00473994956187861,2.20720492298197e-06
1,1,0,0,0,0,0,0,0,0,0,0,0,1,0,180,180,180,180,180,180,180,180,180,180,180,180,-0.301421232195967,0.0779849642059998,-0.00691918238933121,-0.129039300602405,-0.0515951441967484,-0.0644237636632414,0.0354714750221697,-0.159906403126435,-0.118670156769701,-0.223403576623527,0.00046973687248874,-0.0161506823860319
1,0,1,0,0,0,0,0,0,0,0,0,0,1,0,180,180,180,180,180,180,180,180,180,180,180,180,-0.142144167135335,0.266866265929638,0.458037322818587,0.781804963288769,0.211656141887128,0.0310378161350385,0.00983548972542591,7.9830384982029e-05,0.0571258222093734,0.356325986564069,0.159515338999044,0.0210729151796497
1,0,0,1,0,0,0,0,0,0,0,0,0,1,0,180,180,180,180,180,180,180,180,180,180,180,180,-0.152506264724092,0.0246413053731521,0.579695729507378,0.789584667499826,0.50414987780373,0.0586874472147704,0.0792441328863151,NA,0.0571258222093734,0.775148630624576,0.458935451509208,0.0792732520323239
1,0,0,0,1,0,0,0,0,0,0,0,0,1,0,180,180,180,180,180,180,180,180,180,180,180,180,-0.118797343466697,0.17739988453262,0.42649199695845,-0.00817017668161895,0.00315058647678578,-0.11623016185291,0.722642843701754,-0.0545794842157208,-0.020478309527988,0.0095096140993771,0.054559414129395,0.0196113486995169
1,0,0,0,0,1,0,0,0,0,0,0,0,1,0,180,180,180,180,180,180,180,180,180,180,180,180,-0.124406475398924,0.365417032614945,0.589809033170195,-0.0854398399406583,6.27281902253593e-05,0.0129206465370396,0,-0.0053501240997353,-0.0574392287113195,0.0650315953398414,0.0675211648991382,0.00168491214815337
1,0,0,0,0,0,1,0,0,0,0,0,0,1,0,180,180,180,180,180,180,180,180,180,180,180,180,-0.181253518008888,0.865208938751271,0.856281611157533,0.476002471929557,0.756746111312123,0.756816282479085,-0.0129051111955346,NA,0.0307918904426249,0.443100261165106,0.797430539004465,NA
1,0,0,0,0,0,0,1,0,0,0,0,0,1,0,180,180,180,180,180,180,180,180,180,180,180,180,-0.164006913716852,0.0435123633773962,0.311037627783117,0.793160678790126,0.208219103679074,-0.033034871989998,0.164398802629252,NA,0.0091416260362104,NA,0.0743756073379414,0.209938301247606
1,0,0,0,0,0,0,0,0,0,0,0,0,0,1,180,180,180,180,180,180,180,180,180,180,180,180,-0.223057045402872,0.0269173440464363,0.0223809225410394,-0.153455688386461,0,-0.0715673080043469,-0.00646319569120287,-0.0777666969291932,-0.140633378211798,-0.0784913979472004,-0.0253063640183272,-0.0405425145444135
1,1,0,0,0,0,0,0,0,0,0,0,0,0,1,180,180,180,180,180,180,180,180,180,180,180,180,-0.0660342410996361,0.232438423987967,0.253343355194489,-0.0278107502479435,0.0571857129999115,0.0474023348776595,0.0337123745819398,-0.0481305903771847,-0.0933716462901972,-0.0767432667811256,0.231436954279512,0.10683121017116
1,0,1,0,0,0,0,0,0,0,0,0,0,0,1,180,180,180,180,180,180,180,180,180,180,180,180,-0.208586807789799,0.236490275622296,0.0971058000961143,0.692791501259143,0.125892177181495,-0.0283518354490973,-0.00146796686589074,-0.0416781962909828,-0.0615050185907852,-0.18025335323088,0.145945945945946,0.0546508670822204
1,0,0,1,0,0,0,0,0,0,0,0,0,0,1,180,180,180,180,180,180,180,180,180,180,180,180,-0.264884767485815,0.289593056410224,0.370358938574224,0.838238333850298,0.207652553762815,0.249373854610921,0.0307656088143893,0.393455495935893,-0.0223185175282175,0.293402333292958,0.476706626459119,0.343342730804275
1,0,0,0,1,0,0,0,0,0,0,0,0,0,1,180,180,180,180,180,180,180,180,180,180,180,180,-0.246036285160015,0.227268823294095,0.393636636811356,-0.122268739825671,0.199807750498982,-0.0143557879182001,0.664379829894838,-0.152197593910721,-0.0214163264834827,-0.0387557568632663,0.245808336417872,0.0188814876318204
1,0,0,0,0,1,0,0,0,0,0,0,0,0,1,180,180,180,180,180,180,180,180,180,180,180,180,-0.0431623374162978,0.275375445474843,0.52857446703323,-0.132378430157186,0.252183221517792,0.20824404312305,0.0276678159451752,-0.113272499099614,-0.0740925096313372,0.00482721713436848,0.228999100375314,0.084213175743862
1,0,0,0,0,0,1,0,0,0,0,0,0,0,1,180,180,180,180,180,180,180,180,180,180,180,180,-0.155346236143047,0.880598347398619,0.779059237207036,0.0726642994563015,0.717161054561157,0.693640718852542,-0.00646319569120287,-5.08457208200398e-05,0.160443010239827,0.102947069693762,0.773974951986206,NA
1,0,0,0,0,0,0,1,0,0,0,0,0,0,1,180,180,180,180,180,180,180,180,180,180,180,180,-0.00124443668366012,0.419172095067906,0.50190510355202,0.870080246261903,0.556478633970689,0.380746579175346,0.0139191564147627,0.411821106887603,0.0326932770242202,0.750791323752372,0.470770964635498,0.421948213951506
